145411	9778
-9	5690
83367	672
156811	520
158165	514
159367	347
158894	269
62467	262
156701	214
156321	213
68097	179
399104	169
68406	160
20716	151
134878	145
75437	125
12290	114
74931	106
155123	100
156286	88
32851	83
146226	83
145164	83
39664	82
147762	81
5971	80
33	80
58262	79
62503	76
60904	70
35449	69
152563	65
83331	64
81281	63
158925	63
152725	60
16781	59
10592	58
50159	57
141133	56
48991	55
144601	53
157164	52
79318	50
30781	50
69812	49
34496	49
455270	48
2013	48
313852	47
46369	46
3497	46
6878	45
1529	45
44359	44
147347	43
8224	42
37612	42
77949	41
22034	41
146620	41
145557	41
246833	40
226765	40
58511	38
159348	38
73743	37
144910	37
29254	36
84050	35
39461	35
145360	35
70753	34
67486	33
35490	33
33658	33
138628	33
88193	32
47852	32
74505	31
56727	30
1609	30
5266	28
37649	28
156189	27
73733	26
34803	26
24663	26
15438	26
137250	25
49498	24
20124	24
17313	24
156940	24
12850	24
59752	23
46440	23
156934	23
156699	23
145601	23
142487	23
135502	23
74701	22
27369	22
152859	22
144841	22
63360	21
50017	21
1621954	21
154403	21
13379	21
84348	20
62986	20
44357	20
17126	20
55889	19
27570	19
20358	19
158773	19
1294365	19
67267	18
44119	18
36611	18
26087	18
155696	18
145775	18
141346	18
76347	17
73835	17
60575	17
56687	17
53744	17
46627	17
43752	17
161089	17
157158	17
145318	17
68687	16
27771	16
24707	16
1928	16
18454	16
159225	16
159169	16
156983	16
152531	16
146987	16
121240	16
10127	16
83008	15
71660	15
69068	15
60577	15
60114	15
54238	15
49047	15
3642	15
31020	15
30011	15
27113	15
163756	15
161928	15
147307	15
146313	15
8510	14
76701	14
76045	14
69984	14
69961	14
68363	14
6385	14
62395	14
5130	14
37769	14
32382	14
3100	14
22022	14
20637	14
19802	14
156250	14
154575	14
146814	14
143826	14
141481	14
999486	13
8538	13
836581	13
82005	13
81654	13
78400	13
78014	13
74635	13
73742	13
65605	13
65481	13
64670	13
61880	13
61370	13
38914	13
31906	13
309804	13
207083	13
19397	13
157336	13
156415	13
154789	13
154566	13
146890	13
137906	13
114684	13
87156	12
76047	12
75539	12
74637	12
74509	12
60845	12
4700	12
46317	12
41901	12
38213	12
36831	12
36329	12
19711	12
18830	12
155289	12
153104	12
137588	12
83690	11
81468	11
73746	11
66180	11
61486	11
57868	11
54359	11
50500	11
43814	11
43658	11
36608	11
31634	11
28614	11
27463	11
272339	11
16720	11
159683	11
159105	11
156884	11
155895	11
155068	11
154577	11
154554	11
154191	11
153055	11
147806	11
147798	11
146315	11
145804	11
144526	11
143480	11
140817	11
140456	11
139109	11
138662	11
137902	11
98973	10
89152	10
82694	10
78985	10
78721	10
74922	10
71110	10
70741	10
70338	10
61073	10
56504	10
54173	10
52994	10
4443	10
41253	10
35388	10
33030	10
32257	10
26327	10
23527	10
2169	10
18390	10
158428	10
153795	10
145851	10
145814	10
145771	10
1323669	10
11609	10
108477	10
99316	9
9195	9
8952	9
8844	9
82651	9
82019	9
81917	9
81849	9
80730	9
79940	9
78015	9
7777	9
76514	9
74622	9
72974	9
71919	9
71476	9
70483	9
69976	9
59066	9
53968	9
51904	9
49325	9
47242	9
46832	9
45125	9
44299	9
35201	9
35049	9
29761	9
29456	9
25999	9
25200	9
2378550	9
23441	9
21856	9
207621	9
160703	9
157700	9
156153	9
155002	9
154941	9
153974	9
147452	9
146674	9
145977	9
145556	9
14046	9
138006	9
137956	9
136063	9
8622	8
83051	8
82838	8
79159	8
78982	8
78013	8
7780	8
7779	8
74028	8
73525	8
7352	8
63240	8
61429	8
58158	8
5605	8
5280	8
50885	8
48273	8
47510	8
46901	8
45687	8
45104	8
44205	8
41664	8
41093	8
40697	8
3765	8
33948	8
28379	8
2806174	8
25770	8
238901	8
218533	8
175710	8
164666	8
160399	8
159469	8
159073	8
158948	8
158168	8
157684	8
157063	8
156081	8
155259	8
155011	8
154601	8
15445	8
153343	8
147461	8
145559	8
145549	8
145172	8
144932	8
144852	8
138969	8
134900	8
126516	8
11821	8
98839	7
98094	7
9122	7
86493	7
82861	7
82153	7
81086	7
80742	7
80700	7
78949	7
77389	7
74502	7
74499	7
7331	7
70625	7
6974	7
68115	7
66154	7
63054	7
57977	7
5794	7
52742	7
50943	7
43124	7
420563	7
38201	7
3534	7
31760	7
27148	7
26576	7
2587710	7
2479525	7
24717	7
24672	7
230589	7
21359	7
204917	7
20365	7
1658824	7
163268	7
159761	7
159721	7
156278	7
154114	7
152838	7
152660	7
147790	7
146210	7
146160	7
146138	7
145614	7
145561	7
143946	7
143028	7
140124	7
139188	7
136687	7
135773	7
99665	6
98438	6
88537	6
87204	6
857291	6
83835	6
83732	6
83697	6
83062	6
83053	6
83026	6
82355	6
81005	6
806838	6
80348	6
79641	6
77838	6
77525	6
77516	6
76052	6
75542	6
75320	6
73944	6
73845	6
72210	6
71659	6
71262	6
70722	6
68686	6
65030	6
64949	6
6132	6
59789	6
59644	6
5949	6
56956	6
55206	6
54488	6
52762	6
52421	6
52304	6
51987	6
51562	6
50941	6
50037	6
49229	6
48782	6
46370	6
45139	6
44997	6
439902	6
42493	6
41427	6
40555	6
39545	6
38585	6
38437	6
3810	6
37768	6
36304	6
34405	6
339081	6
3187	6
31296	6
3012	6
279077	6
279	6
27180	6
2310282	6
2238721	6
21447	6
21008	6
197691	6
195883	6
19468	6
1943346	6
19116	6
1812076	6
17616	6
175086	6
169738	6
165824	6
158798	6
157299	6
157220	6
156543	6
155866	6
155151	6
155085	6
155017	6
154906	6
154643	6
153982	6
153811	6
15180	6
15088	6
146488	6
146233	6
146202	6
144945	6
144837	6
144635	6
141299	6
141198	6
136682	6
135759	6
134874	6
12389	6
116346	6
104112	6
1	6
98894	5
98840	5
98313	5
961486	5
9214	5
88830	5
88162	5
8730	5
87160	5
87159	5
84371	5
83517	5
83034	5
8296	5
82779	5
82662	5
82290	5
81923	5
80966	5
79316	5
78460	5
7650	5
760276	5
75920	5
75710	5
75321	5
75259	5
74933	5
74927	5
74721	5
74310	5
74089	5
73901	5
72467	5
72137	5
71885	5
71671	5
71249	5
71098	5
70529	5
69512	5
67749	5
66992	5
66648	5
66487	5
64617	5
63537	5
62466	5
61210	5
59378	5
59359	5
588063	5
57989	5
57967	5
57719	5
57594	5
5675	5
560571	5
55881	5
55487	5
553106	5
52562	5
52381	5
521	5
50081	5
50080	5
48262	5
47260	5
46576	5
46364	5
45324	5
44638	5
43433	5
41903	5
41776	5
41164	5
41085	5
39855	5
382907	5
38238	5
37982	5
37778	5
37214	5
367339	5
36419	5
34212	5
33902	5
33897	5
33804	5
32399	5
31119	5
30971	5
30330	5
29359	5
28939	5
27593	5
27495	5
27313	5
267124	5
2669	5
25594	5
235988	5
23183	5
22988	5
22710	5
2186161	5
216122	5
21258	5
210072	5
20901	5
20855	5
202992	5
20091	5
19724	5
192294	5
185218	5
18512	5
1840	5
176802	5
1722186	5
171578	5
168298	5
1658	5
161796	5
160192	5
159953	5
159400	5
159381	5
158968	5
158802	5
158754	5
157555	5
157407	5
157306	5
156529	5
156424	5
156124	5
155832	5
155243	5
154741	5
154474	5
154439	5
153988	5
153337	5
152521	5
15074	5
147793	5
147581	5
14702	5
146981	5
146454	5
146089	5
145730	5
145379	5
144722	5
144614	5
143565	5
142115	5
141574	5
140898	5
139970	5
138852	5
138523	5
137920	5
137679	5
136794	5
135412	5
13532	5
135158	5
1303895	5
13004	5
12321	5
12115	5
10933	5
1063	5
101	5
994172	4
99143	4
98723	4
97175	4
944941	4
94440	4
9419	4
9409	4
93904	4
93183	4
91838	4
89258	4
884069	4
88236	4
87881	4
87567	4
87165	4
87164	4
8607	4
8543	4
84998	4
84381	4
842541	4
83904	4
8355	4
83544	4
83529	4
82650	4
82052	4
81955	4
81941	4
81889	4
81585	4
81460	4
81271	4
80390	4
79720	4
79583	4
79158	4
79087	4
78751	4
78455	4
78139	4
78010	4
77849	4
76720	4
76474	4
75540	4
75435	4
75247	4
74813	4
74708	4
74507	4
74348	4
72924	4
71757	4
717516	4
71145	4
70537	4
70475	4
70143	4
69076	4
68191	4
6816	4
67874	4
677241	4
6737	4
65800	4
65563	4
65086	4
64394	4
62011	4
61726	4
61299	4
61274	4
61031	4
60815	4
5936	4
58513	4
5744	4
57274	4
5703	4
56697	4
56594	4
56486	4
560167	4
55810	4
55480	4
543723	4
53550	4
53432	4
529372	4
52693	4
52280	4
52246	4
520928	4
51333	4
51328	4
5115	4
51110	4
50566	4
50009	4
50006	4
49820	4
49676	4
48867	4
48841	4
486453	4
48545	4
48292	4
47758	4
46185	4
45957	4
45447	4
44426	4
42362	4
41805	4
41056	4
39891	4
39751	4
38461	4
37525	4
375120	4
374503	4
36558	4
359127	4
35537	4
35506	4
34705	4
33291	4
31985	4
3171	4
31178	4
3108	4
3009	4
30079	4
292965	4
28496	4
27885	4
276896	4
26426	4
26352	4
26349	4
2605135	4
2593800	4
25938	4
25694	4
256248	4
25125	4
24711	4
23664	4
2286916	4
22805	4
22770	4
2270826	4
2258726	4
224831	4
2223398	4
22091	4
21446	4
21245	4
204879	4
18991	4
189140	4
184340	4
18354	4
18353	4
18196	4
174900	4
17214	4
17025	4
167649	4
167396	4
165449	4
161823	4
16108	4
159886	4
159594	4
159584	4
159350	4
158893	4
158538	4
15782	4
157554	4
157517	4
157303	4
157146	4
156818	4
156703	4
156675	4
156588	4
156570	4
156204	4
155809	4
155385	4
155336	4
154721	4
154438	4
154372	4
153324	4
153143	4
153008	4
152707	4
152618	4
152507	4
150782	4
147613	4
14750	4
147300	4
147106	4
146593	4
146485	4
146471	4
145938	4
145720	4
145667	4
145565	4
145562	4
145407	4
145208	4
145062	4
145022	4
144944	4
144063	4
143967	4
143898	4
14304	4
1412735	4
141139	4
139798	4
139488	4
1393285	4
138615	4
138574	4
138351	4
138025	4
137524	4
137430	4
137294	4
136681	4
136676	4
136036	4
134887	4
1275835	4
1256546	4
124093	4
12193	4
11935	4
11027	4
10759	4
99384	3
98919	3
988140	3
971816	3
96983	3
96300	3
95878	3
95351	3
950036	3
9480	3
94370	3
91343	3
9090	3
907876	3
903870	3
89822	3
8948	3
8843	3
88218	3
88205	3
88204	3
88169	3
87846	3
87565	3
87158	3
86892	3
86878	3
86819	3
8637	3
859864	3
85072	3
83918	3
83905	3
83799	3
83702	3
83687	3
83639	3
83634	3
83627	3
83538	3
83465	3
83427	3
83169	3
83118	3
82957	3
8287	3
8261	3
82244	3
82130	3
81919	3
81831	3
81631	3
81493	3
81115	3
80771	3
80692	3
80650	3
80517	3
80391	3
80187	3
80098	3
79843	3
79647	3
79202	3
78907	3
78905	3
78848	3
787465	3
78706	3
78669	3
785195	3
78458	3
78224	3
78207	3
78150	3
78138	3
78080	3
775816	3
77160	3
76699	3
76639	3
76615	3
76263	3
75702	3
75651	3
75581	3
75480	3
75208	3
749330	3
74704	3
74408	3
74341	3
742	3
741656	3
74062	3
73976	3
739173	3
73626	3
733730	3
73354	3
73326	3
73297	3
73291	3
73241	3
731944	3
7304	3
72981	3
72458	3
723038	3
72020	3
719817	3
71901	3
71732	3
70584	3
70505	3
70312	3
70144	3
69914	3
69444	3
69249	3
68903	3
688868	3
683050	3
68245	3
68240	3
67908	3
67567	3
67492	3
66888	3
66733	3
66509	3
66442	3
6636	3
66248	3
6572	3
65666	3
654	3
65097	3
648387	3
64726	3
64422	3
64364	3
642647	3
63605	3
62963	3
628863	3
6283	3
62770	3
62685	3
62629	3
624283	3
62225	3
62062	3
618443	3
61431	3
6124	3
60047	3
59871	3
59592	3
59322	3
591994	3
59170	3
59016	3
58697	3
58670	3
58381	3
58339	3
579724	3
57870	3
5748	3
57335	3
57280	3
56158	3
560002	3
5590	3
55400	3
549872	3
54653	3
54266	3
53223	3
529597	3
52715	3
52493	3
52406	3
520539	3
51958	3
51382	3
50890	3
50803	3
50753	3
50421	3
49845	3
495879	3
49365	3
49227	3
489658	3
48796	3
48558	3
483663	3
48253	3
48131	3
47926	3
47851	3
47592	3
47163	3
46970	3
46219	3
453909	3
45213	3
45168	3
447163	3
445471	3
43813	3
43686	3
43485	3
43000	3
42847	3
42830	3
42528	3
42486	3
42347	3
42270	3
41984	3
41924	3
418161	3
41744	3
417310	3
41328	3
406263	3
40269	3
401358	3
39848	3
39805	3
3969	3
39307	3
38792	3
38712	3
3854109	3
38253	3
38152	3
37989	3
37423	3
3709	3
37008	3
36805	3
364971	3
3610	3
3602	3
3557	3
35539	3
35300	3
35083	3
35052	3
34580	3
34480	3
340559	3
3383722	3
3371	3
3346548	3
33362	3
3312099	3
32761	3
3265942	3
3262537	3
3245	3
32271	3
318518	3
3137621	3
31066	3
30697	3
30689	3
30383	3
2986	3
29858	3
29677	3
29633	3
2961	3
29601	3
29579	3
293713	3
28946	3
28744	3
28574	3
2846	3
2823300	3
2816569	3
279331	3
27525	3
272314	3
2688163	3
26791	3
266364	3
26516	3
26155	3
26070	3
2585318	3
25731	3
255926	3
2558559	3
25249	3
25132	3
24983	3
2494	3
24779	3
241075	3
23980	3
2377055	3
236	3
23396	3
2338111	3
23363	3
23056	3
2305413	3
2304688	3
2291770	3
226957	3
2218994	3
22126	3
21854	3
214544	3
211527	3
20784	3
20630	3
20605	3
20488	3
203540	3
20342	3
20288	3
20178	3
20031	3
20025	3
20014	3
199786	3
19756	3
19657	3
1963479	3
195277	3
1937855	3
193442	3
19179	3
1915099	3
18460	3
18382	3
183587	3
182320	3
181919	3
181523	3
1813025	3
179999	3
1786826	3
17667	3
176054	3
17586	3
17565	3
17423	3
173268	3
171047	3
16944	3
167135	3
167116	3
1652796	3
164196	3
163888	3
16375	3
163609	3
163295	3
16164	3
161247	3
160643	3
160546	3
159963	3
159712	3
159248	3
158915	3
158911	3
158558	3
158506	3
157797	3
157516	3
15725	3
157133	3
156846	3
156760	3
156732	3
156644	3
156621	3
15660	3
156474	3
156318	3
156301	3
156118	3
155964	3
155830	3
1557	3
155492	3
155228	3
155043	3
15503	3
154916	3
1549007	3
154603	3
154369	3
154365	3
154361	3
154254	3
154083	3
154077	3
153846	3
153826	3
153805	3
1537741	3
153756	3
153194	3
153080	3
153021	3
152857	3
152716	3
152634	3
152576	3
152525	3
152095	3
15143	3
150528	3
15027	3
150238	3
14983	3
149549	3
149505	3
1494275	3
14826	3
14783	3
14781	3
1475630	3
147080	3
147052	3
147031	3
146807	3
146798	3
146725	3
146696	3
1466658	3
146629	3
146446	3
146365	3
146267	3
146163	3
146051	3
146032	3
145857	3
145776	3
145767	3
145687	3
145573	3
145413	3
145170	3
144924	3
144913	3
144773	3
144720	3
144646	3
144639	3
144472	3
144216	3
144068	3
143735	3
143679	3
143504	3
143324	3
142141	3
14160	3
141542	3
141437	3
141293	3
1403383	3
140318	3
140084	3
139761	3
139503	3
138641	3
138513	3
138512	3
138030	3
137913	3
137819	3
137574	3
13691	3
136740	3
136376	3
136165	3
135753	3
13541	3
13523	3
134873	3
134780	3
1343193	3
1317	3
13113	3
126837	3
12268	3
12259	3
12026	3
1185825	3
11780	3
113324	3
11312	3
111723	3
11121	3
110063	3
108617	3
10772	3
10558	3
104109	3
1039220	3
103671	3
102385	3
1023516	3
1021163	3
101921	3
10166	3
9997	2
99560	2
994934	2
99248	2
986894	2
98454	2
983167	2
97904	2
977303	2
97713	2
97472	2
97444	2
974236	2
970825	2
967390	2
96598	2
96455	2
96202	2
95915	2
95912	2
95598	2
95243	2
951140	2
9505	2
9493	2
948918	2
94878	2
94743	2
94655	2
9404	2
939121	2
93871	2
932602	2
9322	2
92283	2
917063	2
916547	2
9108	2
907031	2
9049	2
90312	2
902297	2
89747	2
894786	2
8936	2
89235	2
892098	2
89181	2
88936	2
887996	2
887041	2
88564	2
88207	2
88201	2
88188	2
8797	2
87955	2
879015	2
87563	2
87484	2
87341	2
87312	2
87242	2
86852	2
86823	2
86820	2
8675	2
86566	2
861946	2
857608	2
85728	2
851833	2
8509	2
84733	2
846645	2
84624	2
84459	2
841722	2
840668	2
83942	2
83903	2
83700	2
83633	2
83455	2
83332	2
833307	2
83291	2
832488	2
83093	2
83076	2
82847	2
82805	2
82790	2
82788	2
82755	2
82732	2
8269	2
82666	2
82665	2
82657	2
824871	2
82447	2
82327	2
82321	2
82040	2
82004	2
81960	2
81935	2
81780	2
817115	2
81659	2
81625	2
81581	2
812986	2
812895	2
81278	2
81166	2
81138	2
81116	2
80750	2
80743	2
80623	2
80491	2
80486	2
80439	2
80351	2
80276	2
80236	2
80221	2
79973	2
799435	2
79879	2
797872	2
797414	2
797328	2
79702	2
79581	2
795	2
79470	2
79469	2
79405	2
79349	2
79342	2
79233	2
78991	2
78838	2
78695	2
78542	2
785227	2
78417	2
7838	2
7830	2
782961	2
781	2
77839	2
77773	2
77735	2
77656	2
77538	2
77486	2
77477	2
77377	2
7722	2
77164	2
77154	2
77109	2
77094	2
76769	2
76722	2
766059	2
76596	2
76428	2
76382	2
76336	2
76171	2
76122	2
75973	2
75964	2
75960	2
759374	2
75903	2
75841	2
75814	2
75739	2
75541	2
75453	2
75190	2
75073	2
750387	2
75033	2
74932	2
74926	2
74807	2
74791	2
74730	2
74716	2
74709	2
74610	2
74608	2
74318	2
74250	2
74217	2
74186	2
74106	2
74097	2
74085	2
740566	2
74053	2
74035	2
73909	2
738282	2
73778	2
73774	2
73745	2
73702	2
7335	2
73225	2
73171	2
73040	2
729542	2
72891	2
72791	2
72787	2
72583	2
72536	2
72507	2
724131	2
72381	2
72315	2
72296	2
72241	2
72054	2
72035	2
717710	2
71733	2
71690	2
71674	2
71672	2
71645	2
71621	2
71496	2
71238	2
707236	2
707	2
706964	2
70573	2
7057	2
70467	2
703711	2
70352	2
703006	2
701737	2
70101	2
70032	2
698659	2
69844	2
698185	2
69637	2
69600	2
69563	2
693687	2
6929	2
69168	2
6909	2
690825	2
68815	2
68787	2
68768	2
68683	2
68648	2
68476	2
68415	2
68312	2
68262	2
68231	2
68208	2
68200	2
68124	2
6798	2
6782	2
67785	2
67575	2
674266	2
674	2
67373	2
67323	2
67283	2
67252	2
67122	2
6706	2
66981	2
66880	2
668248	2
66803	2
66531	2
66458	2
663071	2
66247	2
66173	2
66165	2
65782	2
65670	2
65649	2
654432	2
65412	2
65364	2
65338	2
65312	2
65259	2
652549	2
65101	2
650416	2
650154	2
64905	2
64677	2
64618	2
64595	2
645777	2
645528	2
64450	2
64323	2
641808	2
6394	2
637807	2
63697	2
636234	2
6358	2
6324	2
6321	2
63201	2
631116	2
63059	2
6305	2
62820	2
6276	2
62695	2
62599	2
62539	2
62380	2
623778	2
62335	2
61842	2
61548	2
6150	2
61416	2
61358	2
61310	2
61264	2
61015	2
60944	2
608688	2
604372	2
60125	2
6006	2
6003	2
59841	2
59786	2
59765	2
5969	2
59652	2
59406	2
59347	2
59205	2
589778	2
58977	2
58779	2
584023	2
58372	2
58334	2
58299	2
58057	2
579304	2
57460	2
57440	2
57404	2
57266	2
57237	2
57199	2
57145	2
570399	2
56814	2
567841	2
56755	2
56739	2
56732	2
56703	2
56598	2
56522	2
5642	2
56182	2
5609	2
56034	2
55806	2
55786	2
557142	2
55686	2
556518	2
55515	2
55514	2
55465	2
553498	2
549988	2
549462	2
54926	2
54867	2
54810	2
547002	2
546540	2
54417	2
5428	2
542060	2
54	2
53879	2
538138	2
53763	2
5358	2
534806	2
532969	2
532335	2
531124	2
53073	2
529288	2
52543	2
524	2
52277	2
52120	2
51953	2
51872	2
51747	2
51709	2
51677	2
5155	2
515404	2
51467	2
514312	2
514004	2
512753	2
51229	2
51137	2
50923	2
50779	2
50608	2
505934	2
505538	2
50410	2
50356	2
501954	2
50083	2
5006	2
50005	2
49799	2
49792	2
49760	2
49671	2
49660	2
495333	2
49485	2
49314	2
49052	2
490151	2
48982	2
48956	2
48879	2
48875	2
4887	2
48698	2
48678	2
48648	2
48523	2
48489	2
484431	2
48381	2
48266	2
48197	2
47856	2
4784	2
4774	2
47594	2
47142	2
470508	2
46990	2
468509	2
46622	2
46566	2
4655	2
465327	2
46502	2
46350	2
46336	2
46293	2
46155	2
45985	2
4591	2
45887	2
45740	2
457264	2
45703	2
45668	2
45380	2
45325	2
45311	2
45203	2
44714	2
447010	2
44526	2
44418	2
44412	2
44330	2
442571	2
44172	2
43942	2
4389	2
43732	2
436930	2
43667	2
43532	2
43486	2
43470	2
434271	2
4336	2
4299	2
42922	2
42759	2
42558	2
42364	2
42158	2
42103	2
42088	2
41981	2
41915	2
41838	2
4158	2
41430	2
41202	2
411414	2
41105	2
407678	2
407622	2
40626	2
40594	2
40530	2
40489	2
40473	2
40214	2
39989	2
39788	2
39711	2
39655	2
396478	2
395394	2
39528	2
39490	2
39430	2
39138	2
390586	2
387895	2
38753	2
386568	2
38623	2
38438	2
3839	2
3804	2
37952	2
37798	2
377620	2
37718	2
37693	2
3767	2
37665	2
376468	2
37628	2
37580	2
37554	2
3740970	2
37391	2
372535	2
37236	2
37209	2
36856	2
367903	2
364017	2
3625815	2
36257	2
36079	2
359928	2
3597301	2
35862	2
35757	2
356772	2
3567331	2
35660	2
355859	2
355458	2
3496	2
349220	2
34804	2
34800	2
347186	2
34665	2
34527	2
3449	2
34478	2
34471	2
344557	2
34392	2
34367	2
343247	2
34211	2
34208	2
3411235	2
340099	2
339244	2
339089	2
339011	2
3382794	2
337462	2
3370180	2
33599	2
334125	2
33354	2
33264	2
3305279	2
3303284	2
330252	2
33023	2
3291169	2
327161	2
32707	2
32669	2
3265985	2
325967	2
32472	2
3246018	2
32262	2
32220	2
32083	2
320471	2
32015	2
3200356	2
31980	2
31955	2
31895	2
31845	2
3178	2
31766	2
315983	2
315542	2
31539	2
31506	2
313911	2
313465	2
31294	2
3113	2
30989	2
3096497	2
30530	2
305090	2
30345	2
30337	2
30252	2
30235	2
302261	2
300076	2
2996	2
299	2
2988938	2
29866	2
29765	2
29719	2
296692	2
296482	2
29635	2
29627	2
295581	2
29339	2
29285	2
29033	2
2899	2
28980	2
28966	2
28830	2
28791	2
287779	2
28602	2
283708	2
28330	2
2828518	2
28167	2
281187	2
280878	2
2808312	2
28075	2
2788745	2
27826	2
2770219	2
276376	2
27590	2
2749008	2
27453	2
2741391	2
274069	2
2721167	2
27196	2
27181	2
27086	2
27063	2
26993	2
26933	2
2693	2
26917	2
26902	2
268771	2
267958	2
267893	2
2675183	2
2673917	2
267335	2
267115	2
26704	2
2667	2
26590	2
2656190	2
26517	2
26504	2
26488	2
26467	2
26458	2
26430	2
264112	2
263260	2
2629815	2
262841	2
262424	2
2611357	2
2598922	2
259237	2
25922	2
258671	2
2586079	2
2584992	2
25791	2
257781	2
25741	2
25715	2
256489	2
25643	2
2537252	2
25322	2
253030	2
252935	2
25258	2
2501076	2
2487944	2
24839	2
248371	2
24701	2
2469921	2
24689	2
24655	2
2440267	2
2438258	2
24333	2
242791	2
24211	2
242099	2
2417401	2
24165	2
24138	2
2409	2
2397	2
239347	2
239151	2
2389	2
23870	2
2377419	2
236565	2
235602	2
235209	2
235150	2
2350388	2
233026	2
2323430	2
23230	2
231934	2
231594	2
2315489	2
230342	2
2280682	2
228	2
2277974	2
22567	2
22556	2
22549	2
2248749	2
22472	2
224598	2
22436	2
224178	2
22249	2
2223673	2
2220095	2
221926	2
2218599	2
221623	2
220245	2
22003	2
21929	2
21928	2
21925	2
217214	2
21674	2
21601	2
213997	2
21215	2
21212	2
211882	2
2111706	2
2106416	2
20976	2
20889	2
20787	2
2069117	2
2068902	2
206596	2
205796	2
2054	2
2035417	2
2033	2
203225	2
2027	2
200776	2
2007602	2
2005412	2
198870	2
19887	2
19847	2
19836	2
196977	2
196467	2
1943	2
1934974	2
1929750	2
192757	2
190982	2
190397	2
1902473	2
1900521	2
18889	2
18793	2
1878	2
186761	2
186590	2
18649	2
18627	2
185474	2
184902	2
184770	2
1847500	2
183898	2
18357	2
181981	2
18139	2
18127	2
180825	2
1798811	2
1792480	2
17832	2
177170	2
1764338	2
1761	2
175235	2
17433	2
1741024	2
173690	2
17305	2
1730333	2
17200	2
171710	2
171637	2
1710954	2
1710416	2
170589	2
169854	2
168776	2
1683351	2
168006	2
167815	2
167390	2
166353	2
165779	2
164788	2
164688	2
16372	2
163718	2
162871	2
162835	2
16231	2
161989	2
161787	2
161746	2
16165	2
161055	2
1608968	2
160597	2
160264	2
159967	2
159957	2
159876	2
159711	2
159618	2
1595845	2
159479	2
159474	2
159467	2
1594	2
159334	2
159275	2
159047	2
158597	2
158537	2
158535	2
158054	2
158036	2
157943	2
15773	2
157602	2
157541	2
157513	2
157510	2
157386	2
157330	2
157327	2
157174	2
157087	2
156982	2
156967	2
156951	2
156875	2
156839	2
156768	2
156718	2
156697	2
156581	2
156369	2
156342	2
156326	2
156307	2
156254	2
156188	2
156174	2
156167	2
156048	2
155886	2
1558772	2
155551	2
155516	2
15542	2
155395	2
155294	2
155287	2
155281	2
155193	2
155117	2
155039	2
155031	2
155010	2
15496	2
154943	2
154934	2
154917	2
154912	2
154903	2
154900	2
154867	2
154815	2
154799	2
154728	2
154652	2
1546134	2
154552	2
154511	2
154459	2
154431	2
154330	2
154301	2
154251	2
154240	2
154225	2
154136	2
154113	2
154096	2
154078	2
153991	2
153983	2
153851	2
153847	2
153833	2
153632	2
153585	2
153092	2
153010	2
152933	2
152918	2
152889	2
152745	2
152638	2
152627	2
152581	2
152559	2
152516	2
15250	2
152337	2
15157	2
15134	2
15075	2
150490	2
150244	2
1498952	2
149740	2
149519	2
14950	2
149485	2
149339	2
149283	2
149277	2
149248	2
1489085	2
147693	2
147669	2
147665	2
147656	2
147555	2
147473	2
147470	2
147365	2
147346	2
147329	2
147302	2
147299	2
147285	2
1472181	2
147207	2
147181	2
147087	2
147014	2
1469903	2
146959	2
146906	2
146880	2
146856	2
146821	2
146771	2
146714	2
146677	2
146676	2
146672	2
146653	2
146652	2
146623	2
146597	2
1465670	2
146553	2
146490	2
146449	2
146434	2
146421	2
146379	2
146374	2
146276	2
146249	2
146221	2
146209	2
146186	2
146175	2
146005	2
145990	2
145850	2
145805	2
145787	2
145773	2
145768	2
145759	2
145756	2
145699	2
145694	2
145599	2
145579	2
145567	2
145505	2
145395	2
145365	2
145346	2
145243	2
145222	2
145089	2
144946	2
144908	2
144801	2
144789	2
144672	2
144657	2
144626	2
144548	2
144304	2
143949	2
143711	2
143591	2
143589	2
143484	2
143297	2
143175	2
143008	2
143006	2
142883	2
142744	2
142687	2
142551	2
142433	2
142422	2
142008	2
141783	2
141722	2
141220	2
141192	2
141149	2
140751	2
140634	2
140546	2
140459	2
140415	2
140153	2
140130	2
139885	2
139447	2
1393037	2
139178	2
139115	2
139114	2
139092	2
139084	2
139070	2
138884	2
138765	2
138642	2
138616	2
138592	2
138522	2
138453	2
138328	2
138306	2
138275	2
1381817	2
138174	2
13817	2
138143	2
138008	2
137878	2
137877	2
137853	2
13781	2
137735	2
137662	2
137624	2
137555	2
137392	2
137384	2
137276	2
137271	2
137270	2
137265	2
137234	2
137095	2
137060	2
137010	2
136787	2
136777	2
136744	2
136691	2
136467	2
136452	2
1363181	2
1361	2
135849	2
13584	2
135793	2
135785	2
13564	2
13559	2
13557	2
1354652	2
135459	2
135441	2
135159	2
134897	2
134895	2
134820	2
134781	2
134768	2
134683	2
1345446	2
1342486	2
1340216	2
133863	2
133473	2
133433	2
133245	2
13322	2
1327144	2
1326835	2
13186	2
1318463	2
13158	2
130926	2
130710	2
130461	2
1302057	2
129521	2
1285105	2
12831	2
12808	2
1278513	2
127793	2
1272071	2
12694	2
1267051	2
12633	2
12632	2
125507	2
1254697	2
1249535	2
124612	2
12339	2
12332	2
12307	2
1230650	2
1223687	2
1215736	2
1213957	2
12104	2
1199742	2
11988	2
119588	2
1187382	2
118279	2
118229	2
1180384	2
1180377	2
1176059	2
1175311	2
1175	2
11727	2
1160823	2
1153746	2
1152119	2
1150820	2
115017	2
1145206	2
114107	2
113672	2
112857	2
1122544	2
1120422	2
1110685	2
111036	2
1093711	2
10937	2
1091917	2
109143	2
1089882	2
108965	2
1089330	2
10887	2
10885	2
108800	2
1082299	2
107886	2
107506	2
10722	2
1068338	2
1067345	2
1060933	2
1057156	2
1055	2
10548	2
105366	2
1052388	2
1047634	2
1045464	2
104188	2
10417	2
1039861	2
103813	2
10363	2
1034135	2
10324	2
10297	2
102795	2
102548	2
102147	2
1017171	2
1014993	2
1012633	2
1011491	2
100965	2
100231	2
company_or_school	1
99965	1
99945	1
99898	1
99870	1
99864	1
99863	1
99802	1
997977	1
9975	1
997368	1
997363	1
99684	1
996772	1
996753	1
99609	1
99577	1
995562	1
99552	1
99524	1
995055	1
994340	1
99394	1
993413	1
99308	1
9930	1
99267	1
99210	1
99184	1
99147	1
99141	1
99137	1
991131	1
99049	1
9902	1
990063	1
98991	1
98961	1
98952	1
98945	1
989	1
988682	1
988604	1
988568	1
98847	1
98844	1
988377	1
9882	1
9880	1
98787	1
98738	1
98721	1
987119	1
9870	1
98685	1
98681	1
986695	1
986678	1
98625	1
98586	1
98577	1
985651	1
98552	1
98498	1
98444	1
984156	1
98415	1
983858	1
98381	1
983750	1
98368	1
9836	1
98326	1
98268	1
982108	1
982	1
98182	1
98158	1
981513	1
98131	1
98122	1
98117	1
98046	1
98026	1
97994	1
97929	1
979183	1
97845	1
97839	1
97783	1
97778	1
97750	1
97735	1
977083	1
97696	1
97688	1
97626	1
97593	1
97530	1
9751	1
97503	1
975	1
974802	1
97431	1
97427	1
97401	1
974	1
973000	1
97224	1
97218	1
972009	1
972	1
97146	1
970192	1
970088	1
96945	1
96924	1
96921	1
9692	1
96910	1
968423	1
96833	1
96695	1
966330	1
96614	1
966	1
96595	1
965654	1
965586	1
96558	1
965392	1
96538	1
965315	1
96519	1
965	1
96499	1
964700	1
9646	1
964571	1
964554	1
96327	1
96269	1
96238	1
96225	1
96200	1
961958	1
961957	1
961846	1
961744	1
96138	1
9613	1
961037	1
96093	1
96053	1
960334	1
96003	1
959968	1
95961	1
95941	1
9591	1
95909	1
959022	1
95882	1
958719	1
95838	1
957580	1
95743	1
95666	1
95644	1
955912	1
95583	1
954585	1
95383	1
95362	1
95354	1
953489	1
95333	1
95323	1
95319	1
95291	1
95284	1
952836	1
95212	1
95111	1
95092	1
950835	1
95073	1
950262	1
95024	1
950128	1
94990	1
94984	1
94976	1
94920	1
9489	1
94798	1
94787	1
94779	1
94763	1
94752	1
947486	1
94732	1
9471	1
946928	1
946882	1
94657	1
94627	1
9461	1
945946	1
945839	1
9458	1
9456	1
94555	1
945537	1
945168	1
94500	1
944964	1
944832	1
944754	1
94437	1
94416	1
94374	1
9435	1
94332	1
943234	1
942456	1
9424	1
94232	1
9423	1
94220	1
94153	1
9410	1
940945	1
940834	1
940197	1
939919	1
939607	1
938997	1
938542	1
93842	1
93768	1
937340	1
9371	1
93679	1
936716	1
936578	1
936400	1
93491	1
934760	1
934288	1
93414	1
93404	1
9340	1
9339	1
93380	1
933789	1
93304	1
932923	1
932555	1
932360	1
930603	1
930577	1
93046	1
9298	1
929638	1
929624	1
929621	1
92897	1
92887	1
928470	1
927919	1
92738	1
92668	1
926273	1
92593	1
925544	1
925542	1
92542	1
92534	1
92490	1
924849	1
92481	1
92466	1
924396	1
923207	1
92286	1
92281	1
92273	1
921464	1
92109	1
920551	1
920459	1
920223	1
919621	1
91952	1
91898	1
918	1
917743	1
917698	1
91760	1
91718	1
91717	1
91638	1
9159	1
9158	1
91501	1
914545	1
91453	1
91415	1
9135	1
91318	1
912954	1
91268	1
912661	1
9125	1
912312	1
911921	1
91082	1
909369	1
9091	1
9088	1
908146	1
90763	1
90729	1
907198	1
90685	1
906254	1
90586	1
90519	1
90473	1
904027	1
90390	1
9037	1
90304	1
902559	1
902418	1
902	1
901888	1
90120	1
90010	1
89974	1
89960	1
89954	1
89945	1
899091	1
898954	1
89864	1
89845	1
897358	1
897327	1
89732	1
896818	1
89630	1
895632	1
895309	1
89456	1
894163	1
894012	1
89331	1
89295	1
8929	1
89288	1
892831	1
89244	1
89224	1
89211	1
89206	1
891726	1
89148	1
89117	1
89079	1
89040	1
89032	1
89031	1
889829	1
88927	1
889116	1
88876	1
88864	1
88831	1
88792	1
8879	1
887732	1
887656	1
887089	1
885762	1
885625	1
8855	1
88521	1
885008	1
88500	1
884508	1
88449	1
88417	1
883336	1
882814	1
882383	1
88214	1
881618	1
88104	1
88016	1
8798	1
87886	1
87855	1
878361	1
877778	1
8775	1
87688	1
876194	1
87554	1
87547	1
87525	1
875	1
87485	1
87477	1
87475	1
873864	1
873659	1
8733	1
87239	1
872034	1
87163	1
871605	1
87157	1
87155	1
871053	1
87093	1
869972	1
86965	1
86911	1
86909	1
86905	1
86821	1
867579	1
86731	1
86688	1
866490	1
866156	1
865882	1
86584	1
86569	1
86563	1
86553	1
86535	1
86533	1
86503	1
8642	1
8641	1
86295	1
86245	1
862083	1
86188	1
86186	1
861235	1
86117	1
860209	1
86015	1
859750	1
85958	1
8592	1
8587	1
85840	1
857500	1
85729	1
85724	1
85695	1
856875	1
85684	1
856671	1
85555	1
854532	1
854481	1
85425	1
85395	1
851907	1
851608	1
851584	1
850194	1
849977	1
8495	1
84889	1
848728	1
848355	1
848094	1
84734	1
84726	1
8470	1
84696	1
84688	1
84636	1
846333	1
846305	1
845876	1
845609	1
84549	1
845015	1
84461	1
84401	1
84395	1
843793	1
84344	1
843277	1
84256	1
84250	1
842305	1
84173	1
84144	1
84092	1
84082	1
84068	1
840620	1
84048	1
84047	1
84039	1
84002	1
840005	1
839967	1
8399	1
83965	1
83957	1
839535	1
83951	1
83950	1
839447	1
838822	1
83874	1
83828	1
83811	1
837972	1
83794	1
83761	1
8376	1
83693	1
83691	1
83683	1
83680	1
83679	1
83649	1
836457	1
836392	1
83637	1
83632	1
83630	1
83629	1
83607	1
83601	1
83593	1
835928	1
835770	1
835606	1
83546	1
83545	1
83532	1
83519	1
83509	1
83506	1
83504	1
8349	1
83478	1
83468	1
83429	1
83425	1
83418	1
83417	1
83400	1
83368	1
83363	1
833617	1
83337	1
83335	1
83329	1
83325	1
83265	1
83264	1
83263	1
832520	1
83196	1
83194	1
83177	1
83162	1
83161	1
83129	1
83125	1
83114	1
83113	1
83108	1
83098	1
830875	1
83084	1
830481	1
83048	1
83040	1
83039	1
82981	1
82977	1
82933	1
82876	1
82844	1
828200	1
82795	1
82794	1
82793	1
82784	1
82782	1
82766	1
82758	1
82754	1
827519	1
82749	1
82733	1
827252	1
82725	1
82717	1
82690	1
826718	1
82636	1
82634	1
82613	1
82600	1
82531	1
825301	1
825193	1
82495	1
82491	1
824742	1
824116	1
82407	1
82367	1
82358	1
82351	1
82343	1
82339	1
82328	1
82315	1
82309	1
82308	1
822920	1
82284	1
82261	1
82247	1
82222	1
822065	1
82193	1
82186	1
82159	1
82100	1
82077	1
82042	1
82039	1
82038	1
82036	1
82016	1
82010	1
820077	1
81995	1
81994	1
819608	1
81954	1
81953	1
81948	1
81939	1
81924	1
81904	1
818676	1
818624	1
818374	1
81807	1
818009	1
817931	1
8178	1
817679	1
817666	1
81737	1
81702	1
81686	1
81683	1
816696	1
816624	1
81649	1
81648	1
816241	1
81623	1
81620	1
816147	1
81597	1
81589	1
81583	1
81580	1
81573	1
81563	1
81561	1
81559	1
81553	1
81549	1
81547	1
81541	1
81528	1
81523	1
81515	1
815035	1
81500	1
81481	1
81467	1
81463	1
814159	1
8141	1
81392	1
81376	1
81372	1
81367	1
813446	1
813415	1
81332	1
81319	1
813	1
81289	1
81272	1
81242	1
81233	1
81229	1
81190	1
81173	1
81170	1
81158	1
811395	1
81129	1
81112	1
81077	1
81057	1
81008	1
81000	1
809841	1
80967	1
80931	1
809165	1
8090	1
80892	1
80873	1
80849	1
80842	1
80822	1
808153	1
808141	1
80805	1
80804	1
80791	1
80762	1
807393	1
80739	1
80722	1
80663	1
80662	1
80661	1
80657	1
805544	1
805530	1
80480	1
80431	1
804300	1
80429	1
804285	1
80382	1
80317	1
80314	1
802801	1
802740	1
802546	1
80224	1
80202	1
802	1
80159	1
80145	1
80111	1
80096	1
80084	1
80083	1
80063	1
80058	1
80047	1
800274	1
80025	1
80022	1
80019	1
80012	1
80006	1
79992	1
79937	1
799216	1
79889	1
798790	1
79861	1
798511	1
79850	1
79844	1
79786	1
79770	1
7974	1
797163	1
797107	1
79710	1
79706	1
79698	1
79697	1
79696	1
79680	1
79675	1
79646	1
79644	1
796421	1
7962	1
795835	1
794568	1
79453	1
794328	1
79376	1
79338	1
79330	1
79327	1
793087	1
79300	1
79231	1
79191	1
791514	1
790118	1
790016	1
78986	1
78973	1
78952	1
789443	1
789302	1
7893	1
789055	1
78882	1
788558	1
78632	1
78608	1
7860	1
78589	1
78572	1
785623	1
78551	1
7852	1
78516	1
785111	1
785031	1
78485	1
784797	1
78468	1
784675	1
78466	1
784254	1
784128	1
78374	1
78368	1
78320	1
78317	1
783058	1
783002	1
78294	1
782702	1
78243	1
782427	1
782313	1
782230	1
78183	1
78177	1
78169	1
781571	1
78144	1
78141	1
78137	1
781046	1
78089	1
78082	1
78079	1
78078	1
780775	1
78075	1
78071	1
780650	1
78034	1
78016	1
78007	1
779779	1
77950	1
77930	1
77915	1
77910	1
77908	1
77906	1
77832	1
778238	1
77820	1
7781	1
77793	1
77762	1
777567	1
77739	1
77729	1
777194	1
77700	1
77691	1
776905	1
776304	1
77611	1
776	1
7759	1
775895	1
775759	1
775677	1
77543	1
77539	1
77512	1
775100	1
77509	1
77504	1
77495	1
77492	1
77474	1
77464	1
77429	1
774194	1
77388	1
77376	1
773408	1
77332	1
773314	1
773305	1
77314	1
77310	1
77297	1
77296	1
77282	1
772381	1
77198	1
77174	1
77166	1
77145	1
77138	1
77136	1
77126	1
77123	1
77121	1
77113	1
771125	1
7710	1
7706	1
770482	1
77037	1
77030	1
76988	1
76987	1
76957	1
769361	1
76907	1
76899	1
76834	1
767838	1
76783	1
76753	1
76733	1
76729	1
76715	1
767141	1
76704	1
76698	1
76687	1
76677	1
7666	1
766576	1
766388	1
76637	1
766017	1
76578	1
76575	1
7657	1
765591	1
764886	1
76475	1
76422	1
76400	1
76397	1
763327	1
76283	1
76278	1
76276	1
76275	1
76220	1
76213	1
76194	1
76172	1
76150	1
7614	1
76117	1
76115	1
760864	1
76077	1
760456	1
760376	1
75965	1
759592	1
75954	1
75948	1
75945	1
75940	1
75935	1
75933	1
75926	1
75923	1
75833	1
758264	1
75788	1
75786	1
75774	1
75759	1
75755	1
75745	1
757358	1
75712	1
75711	1
75704	1
75679	1
75670	1
75613	1
75587	1
75582	1
7557	1
75523	1
75514	1
75452	1
75449	1
75447	1
75436	1
75407	1
75403	1
75399	1
75361	1
75331	1
75309	1
752461	1
75199	1
751487	1
751455	1
751114	1
751000	1
750833	1
750783	1
75040	1
750287	1
74996	1
74982	1
749496	1
74936	1
74925	1
749089	1
748821	1
74855	1
74842	1
74804	1
747703	1
74763	1
74747	1
74743	1
747193	1
74712	1
74710	1
7471	1
74702	1
74700	1
74665	1
74656	1
74596	1
74591	1
74563	1
745566	1
745492	1
74533	1
745028	1
74501	1
745008	1
744886	1
74482	1
744672	1
74462	1
744542	1
74435	1
74431	1
744296	1
744238	1
74404	1
74403	1
74401	1
743910	1
74352	1
74339	1
74334	1
74321	1
74302	1
74291	1
7429	1
74261	1
74257	1
742302	1
742246	1
741846	1
741742	1
74150	1
74131	1
74093	1
74088	1
74084	1
74050	1
74042	1
740329	1
74023	1
74013	1
739927	1
739817	1
739724	1
739662	1
7394	1
73934	1
73921	1
73904	1
73902	1
738989	1
73859	1
738534	1
73819	1
738151	1
737861	1
73764	1
73734	1
73713	1
73709	1
73707	1
73705	1
73704	1
73698	1
73693	1
73671	1
73662	1
73658	1
73653	1
736338	1
7362	1
73616	1
73556	1
735541	1
73552	1
73510	1
73454	1
7341	1
73395	1
73375	1
73371	1
733509	1
73339	1
73336	1
73319	1
73309	1
73302	1
73281	1
73273	1
73266	1
73260	1
73229	1
73227	1
73185	1
73161	1
73160	1
73155	1
73137	1
731292	1
73121	1
7311	1
729835	1
729771	1
72972	1
72949	1
729469	1
72926	1
72898	1
72881	1
72868	1
72866	1
728604	1
72857	1
72842	1
72807	1
728042	1
727954	1
727630	1
72645	1
726436	1
72594	1
72582	1
72560	1
7256	1
72532	1
725319	1
72519	1
72518	1
72516	1
72512	1
72500	1
724832	1
72481	1
72456	1
72431	1
72429	1
72421	1
72418	1
72412	1
72354	1
72348	1
7233	1
722723	1
72261	1
72259	1
72257	1
72252	1
72250	1
72234	1
72229	1
7222	1
722164	1
721909	1
72167	1
72165	1
72136	1
72134	1
72123	1
721227	1
72121	1
72120	1
72118	1
72090	1
72088	1
72079	1
72061	1
72059	1
720559	1
72055	1
72034	1
72007	1
72000	1
71937	1
71926	1
719024	1
71886	1
71852	1
718234	1
71816	1
71812	1
71785	1
71783	1
717312	1
71722	1
71707	1
716810	1
71681	1
71657	1
71646	1
716421	1
71617	1
71549	1
71527	1
71515	1
715017	1
714845	1
714738	1
71450	1
71438	1
71396	1
71373	1
713482	1
713424	1
713315	1
7133	1
7132	1
71285	1
71246	1
712097	1
71183	1
711678	1
71097	1
71069	1
71060	1
71040	1
71023	1
709431	1
70934	1
709284	1
70903	1
70837	1
70817	1
70774	1
70645	1
70636	1
70609	1
70605	1
705773	1
70575	1
70551	1
70550	1
70535	1
70533	1
70530	1
70459	1
70402	1
70394	1
70390	1
70389	1
70326	1
70313	1
70305	1
70248	1
70231	1
70206	1
701990	1
701730	1
70167	1
701114	1
70069	1
70064	1
70057	1
700502	1
70047	1
699748	1
69946	1
69919	1
699133	1
699120	1
698926	1
69873	1
69809	1
69806	1
69728	1
69715	1
696536	1
69595	1
69593	1
695910	1
695841	1
69575	1
695394	1
695185	1
695047	1
69490	1
69465	1
69440	1
69437	1
694153	1
69380	1
693398	1
693244	1
69307	1
69306	1
692355	1
692319	1
69223	1
69194	1
69158	1
691164	1
69006	1
68960	1
68947	1
68896	1
68891	1
6887	1
687917	1
68770	1
68755	1
687316	1
68705	1
686596	1
68646	1
68574	1
68509	1
684453	1
684427	1
684205	1
68411	1
683879	1
68365	1
68364	1
68337	1
68304	1
68274	1
68263	1
68259	1
68180	1
68179	1
68176	1
68172	1
681587	1
681580	1
68123	1
68041	1
67981	1
679784	1
679765	1
67958	1
679555	1
67950	1
67919	1
679061	1
67900	1
67889	1
678576	1
67831	1
67822	1
67800	1
67776	1
677683	1
67757	1
67752	1
67736	1
67734	1
67732	1
6767	1
67645	1
67614	1
67590	1
675850	1
67582	1
67559	1
67556	1
67541	1
674682	1
67443	1
67429	1
6735	1
67327	1
67282	1
67273	1
67221	1
67210	1
67202	1
671775	1
671686	1
67166	1
67137	1
67121	1
67119	1
670255	1
66971	1
66924	1
66911	1
66903	1
66878	1
66819	1
66793	1
667924	1
667722	1
667677	1
667648	1
66659	1
66635	1
666304	1
666081	1
666058	1
665564	1
6650	1
66471	1
664704	1
66434	1
66422	1
66380	1
663511	1
66301	1
66293	1
66244	1
66217	1
662102	1
662072	1
662	1
66194	1
661730	1
661664	1
66076	1
66039	1
660263	1
66009	1
660074	1
65976	1
65960	1
65945	1
65847	1
65793	1
6575	1
657120	1
65710	1
6570	1
65663	1
656564	1
65654	1
65608	1
65565	1
655537	1
65510	1
654912	1
65439	1
65405	1
654028	1
65380	1
653743	1
65370	1
65345	1
65331	1
65316	1
652887	1
65280	1
65263	1
65253	1
65229	1
65207	1
651922	1
65192	1
65186	1
65180	1
65148	1
65128	1
650742	1
65052	1
649852	1
649499	1
64944	1
649416	1
649397	1
649328	1
64901	1
6486	1
647963	1
64784	1
647386	1
647330	1
64709	1
6469	1
64679	1
646632	1
64663	1
64633	1
64632	1
64606	1
645980	1
645865	1
64586	1
644909	1
644895	1
64475	1
64412	1
64404	1
64403	1
643886	1
64370	1
643673	1
64348	1
643310	1
64318	1
6430	1
643	1
642695	1
64259	1
64255	1
642304	1
64229	1
642061	1
64194	1
64165	1
64145	1
640502	1
64026	1
63992	1
63990	1
639831	1
63982	1
63970	1
639624	1
63905	1
63861	1
638361	1
638304	1
63829	1
637909	1
637908	1
63786	1
637485	1
637402	1
63731	1
63677	1
63641	1
63582	1
635654	1
63548	1
63470	1
63431	1
634270	1
633797	1
6336	1
63340	1
6334	1
633298	1
632515	1
63246	1
63235	1
63202	1
63197	1
63196	1
63190	1
63169	1
631302	1
631269	1
63117	1
6309	1
63086	1
6303	1
63024	1
62985	1
62921	1
629174	1
62908	1
62824	1
627958	1
62754	1
62731	1
62729	1
627038	1
626938	1
62684	1
6268	1
62678	1
626175	1
62584	1
62577	1
62563	1
625402	1
62526	1
62504	1
62461	1
6246	1
62422	1
62399	1
623520	1
62352	1
623415	1
62331	1
62325	1
622269	1
62206	1
62200	1
62195	1
62193	1
62185	1
62177	1
62150	1
62141	1
621331	1
62087	1
62045	1
62044	1
62013	1
619809	1
61898	1
618812	1
61847	1
61831	1
6181	1
617874	1
61781	1
617561	1
61741	1
61739	1
617186	1
617136	1
61703	1
617	1
61666	1
616323	1
61632	1
616200	1
61615	1
61568	1
615661	1
61562	1
6154	1
615260	1
614292	1
61421	1
61365	1
613574	1
613259	1
613	1
61297	1
612754	1
61272	1
61198	1
611955	1
61131	1
61129	1
61124	1
61117	1
610207	1
610110	1
61008	1
61007	1
60980	1
6098	1
60949	1
608959	1
60873	1
60846	1
60836	1
60818	1
607734	1
60771	1
607172	1
60697	1
60638	1
60619	1
60600	1
60599	1
605971	1
60525	1
60522	1
60515	1
60501	1
60499	1
60497	1
60484	1
60463	1
60379	1
60377	1
60367	1
602913	1
6029	1
60255	1
60239	1
602357	1
60231	1
60200	1
601693	1
601635	1
60155	1
60152	1
60132	1
60128	1
60126	1
60112	1
601018	1
60094	1
6007	1
60052	1
600478	1
60011	1
60002	1
599840	1
599731	1
599650	1
5994	1
599326	1
59923	1
59912	1
59899	1
59867	1
59862	1
59837	1
598242	1
59798	1
59783	1
59772	1
597649	1
59740	1
59735	1
597246	1
597210	1
59714	1
597102	1
59680	1
59645	1
596114	1
59610	1
59575	1
5954	1
59480	1
59477	1
5946	1
59456	1
59431	1
59430	1
59398	1
59392	1
593899	1
593784	1
593334	1
592141	1
592094	1
5920	1
59132	1
59127	1
591174	1
59096	1
590815	1
59079	1
59069	1
590626	1
59023	1
59002	1
589928	1
589925	1
589781	1
589729	1
589714	1
58953	1
58930	1
58921	1
588792	1
58875	1
58849	1
58841	1
58829	1
58823	1
58809	1
58807	1
58796	1
587528	1
58746	1
58744	1
5873	1
58729	1
58703	1
586922	1
58600	1
58592	1
585814	1
58580	1
58572	1
585313	1
585081	1
5850	1
58471	1
58457	1
584478	1
58446	1
5843	1
58426	1
58419	1
58415	1
583605	1
583493	1
583460	1
58344	1
582939	1
58244	1
582420	1
581974	1
581793	1
58152	1
581499	1
58148	1
58136	1
58109	1
58082	1
580569	1
58053	1
58029	1
58006	1
57946	1
579097	1
579068	1
579065	1
578768	1
578640	1
57854	1
578186	1
5778	1
577695	1
577349	1
577314	1
57729	1
57717	1
576882	1
5766	1
57652	1
57650	1
57607	1
575956	1
575909	1
575902	1
575669	1
57549	1
57538	1
57527	1
57523	1
5750	1
57483	1
57445	1
5741	1
574005	1
573823	1
57360	1
57331	1
57326	1
57295	1
57261	1
57251	1
572484	1
57229	1
57211	1
571936	1
57166	1
571634	1
571418	1
57138	1
57120	1
571178	1
571134	1
570400	1
569650	1
569610	1
56926	1
56922	1
56918	1
56857	1
568561	1
56830	1
568052	1
56767	1
56763	1
56753	1
56742	1
56713	1
567010	1
56700	1
56696	1
56692	1
566740	1
566732	1
56668	1
56651	1
5661	1
565999	1
56588	1
56574	1
564720	1
56459	1
564519	1
564417	1
564072	1
56402	1
563756	1
563537	1
56349	1
56330	1
56302	1
56271	1
56258	1
562294	1
56228	1
56223	1
56218	1
56205	1
56173	1
56130	1
560905	1
5606	1
56049	1
560302	1
56017	1
559572	1
55922	1
55901	1
55898	1
558806	1
558769	1
55856	1
558381	1
55829	1
55826	1
5582	1
558075	1
557468	1
55735	1
557085	1
556481	1
556346	1
55624	1
55590	1
555841	1
5557	1
555620	1
5556	1
555346	1
55517	1
555010	1
5550	1
55482	1
554526	1
55431	1
55424	1
55377	1
553694	1
553485	1
55263	1
552621	1
55223	1
552005	1
55187	1
55176	1
55172	1
5515	1
55130	1
55115	1
55060	1
55047	1
55023	1
550201	1
55000	1
549924	1
54959	1
54940	1
549376	1
54934	1
54933	1
54879	1
548745	1
548388	1
54835	1
5482	1
54812	1
548117	1
54800	1
54792	1
54785	1
547701	1
547655	1
54718	1
546970	1
546909	1
54690	1
54673	1
54628	1
54616	1
54614	1
54577	1
54575	1
54513	1
5451	1
54418	1
54395	1
543113	1
54291	1
54280	1
54274	1
54265	1
54233	1
542227	1
54129	1
5412	1
54111	1
54094	1
54075	1
54060	1
539896	1
539518	1
539291	1
53903	1
538956	1
53843	1
53834	1
53743	1
53717	1
53692	1
53682	1
53674	1
536386	1
53636	1
5363	1
53626	1
536135	1
535991	1
53596	1
53546	1
535383	1
53536	1
5353	1
535170	1
53484	1
53447	1
53425	1
53407	1
53380	1
533384	1
533337	1
53267	1
53260	1
53257	1
532502	1
532443	1
53243	1
5322	1
53204	1
532030	1
532016	1
531667	1
53165	1
53164	1
531265	1
531228	1
530866	1
530572	1
530131	1
53011	1
530084	1
529618	1
528941	1
528795	1
528652	1
528249	1
527449	1
52725	1
52720	1
527126	1
52704	1
52692	1
526593	1
526535	1
52649	1
526460	1
52634	1
5262	1
526089	1
5256	1
52534	1
52486	1
524805	1
52473	1
524017	1
52339	1
52327	1
52312	1
52306	1
52248	1
522297	1
522	1
52178	1
521533	1
52145	1
521326	1
52119	1
52088	1
52086	1
52080	1
520745	1
52028	1
52022	1
52006	1
51994	1
51984	1
518549	1
51847	1
51836	1
517969	1
51792	1
51782	1
51778	1
51736	1
51720	1
51707	1
517007	1
51687	1
51666	1
51658	1
51644	1
516433	1
51628	1
51606	1
51596	1
51546	1
514888	1
514883	1
51471	1
51415	1
51393	1
513838	1
513406	1
51332	1
51323	1
51314	1
51310	1
51307	1
512873	1
51281	1
51237	1
511737	1
511714	1
51171	1
51159	1
51136	1
51112	1
511109	1
51042	1
51040	1
51035	1
51010	1
51002	1
50986	1
509333	1
5086	1
508510	1
50841	1
50835	1
507917	1
50777	1
50773	1
50768	1
5076	1
50752	1
50746	1
507443	1
50714	1
507108	1
50673	1
5067	1
50656	1
50651	1
506498	1
50631	1
50605	1
50579	1
50563	1
50557	1
50526	1
505207	1
504980	1
50477	1
50432	1
50381	1
50359	1
50317	1
50294	1
502922	1
50272	1
502671	1
502521	1
5015	1
50142	1
501235	1
50021	1
50020	1
50014	1
50011	1
5001	1
499601	1
499363	1
49935	1
499208	1
49888	1
49869	1
49849	1
498449	1
49831	1
49812	1
497922	1
49763	1
49755	1
49754	1
49720	1
49680	1
49678	1
496608	1
49636	1
49609	1
49604	1
49603	1
49584	1
494756	1
49431	1
49422	1
49413	1
494083	1
493688	1
493303	1
49321	1
49273	1
49268	1
492255	1
492172	1
49192	1
49179	1
491297	1
49129	1
49118	1
491111	1
4910	1
490398	1
49039	1
490344	1
49026	1
49006	1
489945	1
489868	1
48983	1
4895	1
4892	1
48886	1
48862	1
488563	1
48810	1
48798	1
4875	1
487486	1
487442	1
4868	1
48666	1
486488	1
48591	1
48556	1
485390	1
485346	1
48438	1
484346	1
48380	1
483761	1
483718	1
483691	1
483240	1
483206	1
482798	1
482668	1
48235	1
482296	1
482206	1
482192	1
482113	1
481936	1
481915	1
481800	1
481382	1
48093	1
48075	1
480184	1
48017	1
47992	1
4799	1
479803	1
47932	1
47925	1
479167	1
47893	1
478483	1
47835	1
47826	1
4782	1
477965	1
47717	1
47701	1
477	1
476887	1
476761	1
47672	1
47659	1
47652	1
476302	1
475532	1
47544	1
47536	1
47513	1
47512	1
47503	1
474748	1
473976	1
473650	1
473497	1
473238	1
47315	1
472863	1
472837	1
47282	1
472665	1
47223	1
47222	1
47219	1
471656	1
47154	1
47115	1
470839	1
47073	1
46979	1
469518	1
46938	1
46935	1
46924	1
46922	1
469018	1
469016	1
46893	1
46892	1
46882	1
46867	1
46859	1
46857	1
468486	1
468429	1
4681	1
4678	1
46714	1
46699	1
46690	1
46623	1
46596	1
465240	1
46489	1
46439	1
46433	1
4643	1
464294	1
46416	1
463723	1
46366	1
463606	1
46352	1
46349	1
463177	1
46301	1
46295	1
462910	1
46290	1
46280	1
46266	1
46257	1
46215	1
462105	1
46198	1
46182	1
46159	1
46118	1
461127	1
46110	1
46094	1
46068	1
46048	1
46025	1
45974	1
45952	1
45951	1
45928	1
458983	1
45888	1
45874	1
45865	1
45864	1
45787	1
45783	1
45766	1
457427	1
45714	1
45699	1
45689	1
456861	1
456524	1
456466	1
45638	1
45615	1
45599	1
455920	1
45572	1
45561	1
455572	1
45550	1
455352	1
454621	1
454428	1
454025	1
454008	1
45397	1
453493	1
453334	1
45323	1
453051	1
452824	1
45279	1
452632	1
45262	1
45209	1
4519	1
451780	1
451514	1
451361	1
45132	1
451232	1
451041	1
45058	1
450374	1
45013	1
44973	1
449665	1
449640	1
449510	1
449	1
4483	1
448253	1
44813	1
4480	1
44796	1
44779	1
44757	1
447394	1
447390	1
44681	1
446758	1
44663	1
446173	1
445998	1
44598	1
44584	1
44552	1
445432	1
44505	1
444934	1
4449	1
44460	1
44427	1
44409	1
44395	1
443490	1
443388	1
44300	1
442543	1
44247	1
442425	1
442296	1
44183	1
441736	1
441239	1
44099	1
440881	1
44076	1
44069	1
440624	1
440518	1
44029	1
440265	1
44019	1
44002	1
4396	1
43929	1
43921	1
43918	1
439142	1
43902	1
43901	1
438657	1
43859	1
438095	1
437866	1
437690	1
43760	1
437337	1
437256	1
4370	1
43699	1
43651	1
436392	1
436249	1
43612	1
43611	1
43610	1
4360	1
435749	1
43565	1
43549	1
43546	1
43541	1
43525	1
43494	1
43482	1
43477	1
43451	1
43450	1
43449	1
43444	1
43430	1
433956	1
433849	1
43369	1
43358	1
43334	1
432978	1
43264	1
43189	1
431889	1
431603	1
431469	1
43146	1
43126	1
43118	1
43073	1
43066	1
43059	1
43046	1
43030	1
429958	1
429901	1
429787	1
429713	1
429514	1
42949	1
42892	1
42879	1
42849	1
42828	1
428120	1
42801	1
42793	1
42775	1
42752	1
42742	1
427084	1
42703	1
426925	1
42659	1
426036	1
426	1
42563	1
42548	1
425152	1
4249	1
42485	1
424577	1
4244	1
42422	1
4241	1
42405	1
42396	1
423807	1
423768	1
423681	1
42235	1
42227	1
42216	1
42207	1
42201	1
421758	1
421244	1
420993	1
420571	1
42050	1
420489	1
42046	1
42040	1
42015	1
4201	1
41989	1
41986	1
41928	1
41904	1
419028	1
41881	1
41820	1
41810	1
418068	1
41782	1
41758	1
41757	1
41698	1
416824	1
416796	1
41666	1
416545	1
4165	1
416166	1
41588	1
4157	1
415599	1
41540	1
415385	1
415122	1
414884	1
414496	1
413844	1
413669	1
41345	1
413332	1
413194	1
41317	1
412910	1
4128856	1
41283	1
4127	1
412514	1
4124725	1
41177	1
411671	1
4116635	1
41161	1
41145	1
41140	1
411143	1
410741	1
410704	1
41066	1
41051	1
4105	1
41042	1
4104	1
410307	1
40999	1
409823	1
409734	1
409672	1
409317	1
40912	1
4087	1
408592	1
40818	1
407981	1
407875	1
4077	1
407602	1
407509	1
40700	1
40674	1
40661	1
406433	1
40586	1
405496	1
40540	1
40511	1
4051	1
40509	1
40507	1
40498	1
40497	1
40492	1
40469	1
40438	1
404164	1
403843	1
40382	1
40379	1
4036880	1
403363	1
40333	1
40331	1
4032823	1
40324	1
40313	1
4029775	1
402862	1
40284	1
401927	1
4018876	1
401636	1
4014088	1
40122	1
40113	1
400575	1
40043	1
40028	1
400169	1
40006	1
39967	1
399500	1
399486	1
399	1
39892	1
398873	1
3982	1
39802	1
397955	1
397781	1
397627	1
397370	1
39720	1
39718	1
39708	1
39696	1
396920	1
39681	1
396445	1
39640	1
39633	1
39629	1
39620	1
39612	1
3959	1
395882	1
3956	1
39551	1
395193	1
39519	1
39495	1
39493	1
394631	1
39457	1
39449	1
39400	1
393673	1
39335	1
3931944	1
393082	1
3925957	1
3925	1
392369	1
392312	1
39221	1
3920693	1
3919651	1
391824	1
39157	1
3913	1
39109	1
390961	1
3909238	1
3908784	1
390695	1
39067	1
39055	1
39043	1
390403	1
39024	1
38952	1
389385	1
38924	1
3891259	1
3889	1
388855	1
38795	1
387852	1
38780	1
387788	1
38766	1
38749	1
38732	1
38715	1
387071	1
38704	1
38703	1
386912	1
386708	1
386550	1
386505	1
38608	1
386003	1
38594	1
385686	1
38561	1
385571	1
38534	1
385200	1
3852	1
385013	1
384858	1
38424	1
384198	1
383797	1
3835	1
38297	1
38294	1
382567	1
38256	1
382416	1
3824	1
38202	1
381776	1
38175	1
381463	1
3814432	1
3812059	1
38106	1
38041	1
38033	1
3801641	1
38014	1
38013	1
37999	1
3797228	1
379323	1
378711	1
37871	1
37865	1
37863	1
37860	1
378328	1
37814	1
37794	1
377872	1
37782	1
37763	1
37697	1
37696	1
376833	1
37654	1
376367	1
3763	1
37609	1
37590	1
375644	1
37561	1
375321	1
375224	1
37505	1
37483	1
37482	1
374779	1
37452	1
374434	1
37435	1
37421	1
37409	1
37408	1
37395	1
373944	1
373007	1
37270	1
3724873	1
37240	1
37230	1
37226	1
3721	1
372	1
371955	1
37192	1
37188	1
37165	1
371311	1
3712515	1
371056	1
37099	1
370945	1
3708647	1
37075	1
370504	1
370454	1
3704313	1
37002	1
370	1
369969	1
36978	1
36949	1
36936	1
3693548	1
369319	1
369189	1
368414	1
368273	1
36796	1
36767	1
36766	1
36697	1
3668623	1
36672	1
36637	1
36631	1
366177	1
366	1
36587	1
365846	1
365690	1
36560	1
3648627	1
36469	1
36402	1
3640108	1
363514	1
3635	1
3632678	1
363054	1
362687	1
362603	1
362469	1
36234	1
362111	1
36210	1
362099	1
3620	1
36143	1
361360	1
361355	1
36113	1
360853	1
36085	1
360324	1
3602856	1
360213	1
359918	1
35991	1
35987	1
3596025	1
35948	1
359448	1
3592710	1
35901	1
358820	1
35853	1
358467	1
3583140	1
35785	1
357754	1
35774	1
35747	1
357457	1
35743	1
35720	1
357081	1
35690	1
35624	1
35606	1
3556	1
35498	1
35496	1
3549430	1
3548	1
35464	1
354434	1
35437	1
354163	1
3540530	1
35365	1
353638	1
35351	1
35320	1
35284	1
352387	1
35227	1
352260	1
35203	1
35192	1
3519054	1
35176	1
3517	1
351233	1
35108	1
350909	1
3508876	1
3506590	1
35051	1
350380	1
35029	1
35	1
3499044	1
349718	1
34954	1
3495334	1
34942	1
3493269	1
34925	1
34920	1
349092	1
34888	1
3485752	1
348570	1
348292	1
34799	1
34792	1
34769	1
347445	1
347301	1
347177	1
34696	1
346925	1
346844	1
346707	1
3465394	1
34645	1
34639	1
3463	1
34612	1
34608	1
345886	1
345744	1
34567	1
34556	1
345498	1
3452	1
3451193	1
34504	1
3450	1
34469	1
34468	1
3444	1
344302	1
34417	1
3439107	1
34380	1
34379	1
343783	1
34376	1
34359	1
34335	1
3432382	1
343033	1
34302	1
34291	1
34290	1
3428035	1
342794	1
342727	1
3427087	1
34267	1
34265	1
34263	1
34255	1
342526	1
342467	1
342236	1
34222	1
3422049	1
342136	1
34210	1
3420268	1
34193	1
341928	1
34191	1
3418576	1
341724	1
34172	1
3413451	1
3412387	1
34123	1
340942	1
34089	1
3405262	1
34034	1
340313	1
3401904	1
340137	1
34011	1
3400558	1
33997	1
33953	1
339397	1
339392	1
33937	1
339356	1
338771	1
33868	1
33865	1
338645	1
3384603	1
33819	1
33805	1
337929	1
33774	1
33773	1
337638	1
337494	1
337426	1
337336	1
3373308	1
33733	1
3373093	1
3373	1
33725	1
337133	1
337052	1
3368730	1
3367476	1
33659	1
33649	1
336015	1
33587	1
335492	1
3353822	1
335284	1
33510	1
33482	1
334625	1
334440	1
3343679	1
334348	1
33426	1
334139	1
3340608	1
33404	1
3338453	1
3338248	1
333691	1
333614	1
333575	1
333568	1
3335353	1
3333489	1
3332014	1
333132	1
3330702	1
332839	1
3326814	1
332648	1
3325332	1
332503	1
332219	1
33220	1
3322	1
332192	1
3321083	1
3320185	1
33201	1
3317451	1
3314030	1
3312711	1
3311618	1
33112	1
331106	1
3310230	1
33088	1
33069	1
3306394	1
330602	1
3305172	1
33038	1
33013	1
33012	1
3301	1
3300811	1
33008	1
3299	1
329750	1
3297380	1
32964	1
329540	1
329506	1
3294323	1
329318	1
329207	1
3290537	1
3290347	1
3289254	1
3289236	1
3288225	1
3288	1
328692	1
32852	1
3284	1
3283549	1
3282183	1
32821	1
328023	1
3279318	1
32785	1
32781	1
3276622	1
32756	1
3274856	1
32738	1
32730	1
3270696	1
3267916	1
32668	1
32660	1
326513	1
3263868	1
326237	1
326128	1
3260724	1
3259668	1
325820	1
325811	1
325763	1
3256053	1
3252674	1
32517	1
32493	1
32442	1
324409	1
3243495	1
3243240	1
3241905	1
324166	1
3236991	1
323680	1
323592	1
32354	1
3233095	1
3230113	1
32254	1
3221034	1
3220149	1
3220034	1
32199	1
3213682	1
3213572	1
321278	1
321231	1
321224	1
3211185	1
32110	1
321084	1
321076	1
3209399	1
3208302	1
320421	1
32033	1
320294	1
32025	1
3202103	1
32013	1
32010	1
3200415	1
31988	1
31959	1
31911	1
3191	1
319041	1
3186605	1
31863	1
318548	1
3182717	1
317825	1
3176722	1
31759	1
3174043	1
317240	1
3171321	1
317066	1
316955	1
31694	1
3169124	1
3169107	1
3169099	1
31625	1
31621	1
3160814	1
31606	1
316034	1
3159163	1
315561	1
3154015	1
31535	1
315269	1
3152406	1
31483	1
314667	1
314622	1
31436	1
31432	1
3139614	1
3138901	1
31382	1
31360	1
3134200	1
31332	1
3132179	1
3131616	1
313054	1
3129338	1
312832	1
312731	1
31263	1
3123302	1
31214	1
31193	1
3119131	1
3118878	1
31186	1
311666	1
31163	1
31151	1
311199	1
3111687	1
3111652	1
311092	1
311075	1
310953	1
3106	1
310402	1
31039	1
3103852	1
310380	1
31035	1
3103	1
3099877	1
3099243	1
30982	1
3096100	1
309385	1
3093099	1
309198	1
30916	1
30881	1
3087510	1
3086676	1
3086281	1
3085802	1
3084877	1
30848	1
308398	1
308189	1
3079720	1
3077905	1
307654	1
30758	1
307241	1
30717	1
3070687	1
30683	1
3066	1
3065	1
3063905	1
306309	1
306226	1
3062	1
30566	1
305534	1
30536	1
3050981	1
304987	1
304919	1
3048968	1
304862	1
304724	1
3044322	1
30434	1
30429	1
3040945	1
304064	1
30406	1
3040	1
3039112	1
3038015	1
303738	1
30373	1
3036788	1
303507	1
30341	1
3033531	1
3032869	1
3032860	1
3032639	1
303219	1
3030498	1
3027277	1
3027	1
3022494	1
30201	1
30187	1
30179	1
3017860	1
30117	1
3010665	1
3010025	1
30099	1
30056	1
29973	1
2995470	1
2995	1
29937	1
2993521	1
2992470	1
299240	1
2991944	1
2991044	1
299044	1
29895	1
29843	1
298362	1
2983	1
298225	1
29816	1
29815	1
29811	1
29801	1
2978	1
297622	1
29749	1
29739	1
2973	1
2972586	1
2972067	1
297197	1
29711	1
2971087	1
297065	1
29696	1
296957	1
2968622	1
2965795	1
2965097	1
29632	1
2962595	1
2960049	1
29576	1
2956914	1
295467	1
2953614	1
295178	1
2951152	1
29502	1
294881	1
2948151	1
2946390	1
29459	1
2945453	1
294409	1
2942926	1
2942117	1
2940714	1
2940594	1
29404	1
29382	1
29379	1
2936749	1
29358	1
29337	1
29335	1
29326	1
293177	1
29317	1
293165	1
293149	1
2931356	1
292797	1
29249	1
2924742	1
29242	1
29239	1
2923339	1
29233	1
2922311	1
29200	1
29198	1
291944	1
2917531	1
29153	1
2914487	1
29141	1
29125	1
2911	1
2905041	1
290424	1
29027	1
2902386	1
289939	1
2898618	1
28985	1
2897848	1
2897686	1
2895535	1
289363	1
28934	1
28916	1
2890667	1
289005	1
2889888	1
288947	1
2889284	1
28886	1
2888575	1
28884	1
28881	1
2887	1
28868	1
288538	1
2885	1
288304	1
28826	1
2881913	1
287464	1
2874102	1
2872376	1
287121	1
287065	1
2870414	1
2870	1
2868352	1
2868266	1
286382	1
286302	1
2862890	1
2862426	1
2859215	1
285791	1
285681	1
2855721	1
285502	1
2854887	1
2854626	1
285369	1
285312	1
284959	1
284738	1
2842637	1
28425	1
2841890	1
284019	1
2840	1
2839035	1
2838742	1
2836373	1
283520	1
28350	1
2834538	1
2834489	1
283393	1
2832902	1
2832819	1
283153	1
2830740	1
28307	1
2829943	1
28285	1
282744	1
2826902	1
2825487	1
2823869	1
28207	1
281832	1
28183	1
281673	1
2816126	1
281557	1
281506	1
2815	1
281471	1
281462	1
2814251	1
2814	1
28139	1
2812371	1
28123	1
2809733	1
280830	1
2807341	1
2806380	1
28059	1
280343	1
28033	1
2802060	1
2795844	1
2794977	1
2794718	1
279434	1
27902	1
278683	1
2786455	1
27847	1
27838	1
278251	1
2782372	1
2781122	1
278086	1
2780599	1
277931	1
27791	1
2778933	1
27784	1
27772	1
277714	1
27763	1
2773795	1
2773356	1
277313	1
2772038	1
2771423	1
2771333	1
2771	1
277068	1
276839	1
2768	1
2767229	1
2766898	1
276667	1
2764924	1
2763304	1
2762135	1
2761823	1
275870	1
27586	1
2758427	1
275776	1
2756676	1
275570	1
2755273	1
2755154	1
2755	1
2753948	1
2753567	1
27531	1
27524	1
2752090	1
275172	1
275159	1
2751452	1
2742220	1
27419	1
27397	1
273961	1
27393	1
27375	1
273548	1
273507	1
2733654	1
273253	1
273199	1
27309	1
273	1
2729548	1
27295	1
2728831	1
27271	1
272673	1
2726107	1
2726	1
27259	1
2725874	1
2725845	1
2724543	1
272430	1
2724195	1
272223	1
272052	1
27198	1
2719458	1
2718363	1
2717879	1
27174	1
2716	1
2713498	1
2713	1
271259	1
27124	1
27122	1
271205	1
2711992	1
27111	1
2709921	1
2707949	1
270617	1
2705748	1
27054	1
2705231	1
27048	1
2704510	1
2703808	1
2703311	1
270284	1
2702185	1
2701708	1
27003	1
27000	1
2699849	1
26971	1
26966	1
26950	1
26945	1
26943	1
26926	1
2692595	1
269236	1
269173	1
269112	1
269011	1
26901	1
2687322	1
268631	1
2685921	1
268493	1
268482	1
2684341	1
268416	1
26830	1
26814	1
2679010	1
2678416	1
26781	1
2676406	1
267575	1
267464	1
267387	1
26715	1
267128	1
2668707	1
266772	1
26662	1
2665767	1
266204	1
2661517	1
2660453	1
2660390	1
2660156	1
26579	1
2657726	1
2656221	1
2656	1
2654798	1
2651914	1
2651824	1
2649233	1
2648483	1
2648107	1
26468	1
26462	1
2644386	1
2643721	1
26436	1
2643257	1
2643166	1
2642686	1
2641494	1
2641447	1
264098	1
2640694	1
26390	1
26389	1
263822	1
26368	1
2634789	1
26346	1
2634376	1
263357	1
26331	1
26328	1
2630522	1
2629811	1
2628759	1
2623019	1
26226	1
26193	1
261806	1
2617888	1
261779	1
26173	1
2616234	1
26151	1
2615041	1
26143	1
26142	1
2613807	1
261289	1
2612592	1
26118	1
2610828	1
2610319	1
2609	1
26078	1
260726	1
2606710	1
2606155	1
2605978	1
260584	1
2601	1
260086	1
25994	1
2598853	1
25988	1
25982	1
25977	1
2597034	1
259670	1
259611	1
2595511	1
2595095	1
2594935	1
259348	1
259216	1
25915	1
2591087	1
2590220	1
25891	1
258738	1
2586271	1
2585759	1
2582510	1
258245	1
2581308	1
2580039	1
2577788	1
2577185	1
25765	1
25753	1
2575213	1
2574717	1
257445	1
257408	1
2573070	1
2573021	1
2572556	1
25725	1
25698	1
2568367	1
2567987	1
25664	1
2565553	1
256158	1
2560984	1
2560328	1
2560	1
255974	1
255955	1
2559109	1
2558220	1
25576	1
2554358	1
255392	1
255300	1
25530	1
25525	1
2551373	1
25510	1
255080	1
25508	1
2549597	1
2548142	1
254719	1
2545854	1
2544833	1
2543173	1
2542821	1
254277	1
2542509	1
2542	1
25395	1
2538677	1
25383	1
2537943	1
253715	1
2536710	1
25362	1
25356	1
253393	1
2533097	1
253161	1
25307	1
25306	1
2530043	1
2528647	1
2528600	1
2526713	1
2525537	1
2525328	1
2523154	1
25226	1
252232	1
2522169	1
2522112	1
252175	1
25212	1
252105	1
2521	1
2518979	1
2518178	1
2517304	1
25159	1
251541	1
2514720	1
250974	1
250961	1
2507777	1
2507247	1
2506039	1
2505854	1
250442	1
2503340	1
25032	1
25027	1
250228	1
2501209	1
249754	1
2497135	1
249694	1
2496	1
24955	1
2495065	1
249501	1
2494008	1
2493864	1
249305	1
2491887	1
24917	1
2490844	1
2489316	1
24891	1
2487753	1
248704	1
248667	1
2485265	1
248369	1
24835	1
2483061	1
2482611	1
2482511	1
2480049	1
247825	1
24773	1
24772	1
2476839	1
24752	1
24750	1
247496	1
2474423	1
24730	1
2472732	1
2470128	1
2468684	1
2468452	1
2468218	1
2466330	1
2466151	1
246512	1
24649	1
2464588	1
24640	1
2463061	1
2460888	1
246035	1
2459466	1
2459289	1
2459127	1
24583	1
245780	1
245584	1
2455507	1
245363	1
24515	1
245145	1
2450713	1
2450505	1
2448371	1
2447322	1
2446961	1
2446795	1
2446656	1
244599	1
24451	1
24442	1
2442493	1
2441976	1
2441830	1
2441109	1
2440884	1
2439145	1
243753	1
2437342	1
2436782	1
243666	1
2436374	1
2435432	1
2435347	1
2435080	1
243368	1
243255	1
2432	1
2431177	1
2430388	1
2429599	1
242861	1
2427655	1
2426523	1
2424801	1
2423652	1
24230	1
2422299	1
2419782	1
24183	1
2418287	1
241820	1
2416841	1
24162	1
24150	1
2414612	1
2413413	1
241255	1
2412488	1
240984	1
240982	1
2408792	1
24072	1
2406700	1
240500	1
240393	1
2403809	1
240223	1
24003	1
2399695	1
239788	1
23976	1
2395718	1
2395473	1
23951	1
239501	1
23947	1
2393755	1
2393323	1
2392334	1
238833	1
238735	1
2386876	1
238548	1
23843	1
2383902	1
2382812	1
238170	1
238108	1
23810	1
2380516	1
237960	1
2378335	1
2377505	1
2377149	1
23763	1
2376086	1
237550	1
237404	1
2372403	1
237211	1
2371987	1
23718	1
237174	1
23701	1
2369654	1
2368310	1
236826	1
2366161	1
23653	1
2365087	1
2363656	1
2363295	1
23612	1
2360137	1
2360011	1
2359462	1
235871	1
2357105	1
23569	1
235651	1
2355060	1
2354679	1
235426	1
2353534	1
2352219	1
235172	1
2351420	1
2351227	1
23507	1
2350575	1
2348691	1
2348124	1
23473	1
2347105	1
2344367	1
23436	1
2342452	1
2340790	1
23402	1
2338610	1
2338607	1
233829	1
2337856	1
23364	1
2336191	1
2336092	1
23344	1
2333884	1
2333715	1
2332262	1
2331835	1
2330477	1
2329449	1
232859	1
232824	1
23281	1
2327880	1
2326771	1
232569	1
2325120	1
232442	1
232386	1
2323805	1
232305	1
23228	1
2321844	1
23215	1
2320557	1
2318797	1
231766	1
2316889	1
2315440	1
2315006	1
2313859	1
2312952	1
2312618	1
231243	1
2312292	1
2311628	1
2309421	1
2309197	1
2308578	1
23085	1
2308272	1
23051	1
23034	1
2302109	1
23021	1
230209	1
2301986	1
23014	1
2300916	1
2300622	1
23	1
2297906	1
229771	1
229717	1
2297	1
2296493	1
229622	1
2296110	1
2295371	1
2294450	1
22942	1
22936	1
2291968	1
2291361	1
22908	1
22892	1
2286786	1
228658	1
228611	1
22839	1
2283457	1
22810	1
2281	1
2280843	1
22800	1
2278682	1
2277943	1
2276748	1
22758	1
227546	1
2275179	1
2274071	1
2272693	1
227268	1
2272426	1
2272239	1
2272	1
2270323	1
227022	1
2269109	1
22670	1
226582	1
226559	1
2264173	1
22634	1
22632	1
226314	1
2261951	1
226088	1
226059	1
2260471	1
22593	1
22591	1
2258848	1
2258528	1
22568	1
22559	1
22544	1
2253707	1
2253385	1
2253370	1
225312	1
225154	1
225001	1
2249243	1
2249032	1
22490	1
22484	1
2248186	1
22477	1
2247638	1
22476	1
22466	1
224579	1
2245665	1
224526	1
224498	1
224429	1
2241	1
2239807	1
2239492	1
2238940	1
2237845	1
2237771	1
223763	1
2236563	1
22364	1
2235000	1
22350	1
223421	1
22331	1
2232515	1
2228683	1
222776	1
222731	1
22270	1
2226318	1
222489	1
2223583	1
2223405	1
2222168	1
2221180	1
2219999	1
221975	1
22192	1
2218573	1
2218495	1
2218174	1
2217073	1
22167	1
221508	1
2214866	1
221360	1
2213411	1
221190	1
22108	1
22107	1
22106	1
2209783	1
2209556	1
2207370	1
220718	1
2205277	1
22049	1
2203837	1
22028	1
2202675	1
2201935	1
219970	1
2197361	1
21973	1
21970	1
2196	1
2194961	1
2193731	1
21920	1
219148	1
219123	1
2191031	1
219079	1
2189367	1
2189076	1
21879	1
2187390	1
218703	1
2187	1
218663	1
2182631	1
2182205	1
2182042	1
21820	1
2181269	1
2179976	1
21781	1
2177427	1
2177	1
21675	1
2166258	1
21650	1
2164206	1
2162248	1
21618	1
21615	1
21609	1
21600	1
215863	1
215821	1
21580	1
2156817	1
2156653	1
2154428	1
21542	1
2154162	1
215282	1
2150647	1
2149827	1
214963	1
214946	1
21494	1
21490	1
21489	1
214806	1
21454	1
214487	1
214475	1
2143301	1
214084	1
21394	1
2135	1
21334	1
2131749	1
2128306	1
21282	1
21272	1
2126767	1
2126215	1
21260	1
21254	1
2124261	1
21223	1
212221	1
21216	1
212140	1
2121	1
21205	1
211888	1
21182	1
211718	1
211664	1
2115868	1
2114104	1
211240	1
211034	1
2109860	1
21096	1
21093	1
210829	1
210828	1
21073	1
210675	1
210640	1
21064	1
210572	1
21034	1
21022	1
2102019	1
2101239	1
2100697	1
21001	1
210	1
209963	1
2099300	1
20975	1
209648	1
20962	1
20950	1
2092993	1
209231	1
2091906	1
20915	1
2090289	1
20882	1
208809	1
2087038	1
2086102	1
2085445	1
2084460	1
20843	1
20829	1
20818	1
208130	1
208072	1
208034	1
2078950	1
207814	1
2077914	1
20770	1
20766	1
207433	1
2074	1
2072576	1
2072421	1
2072419	1
20701	1
2069522	1
2067854	1
206724	1
206649	1
206598	1
2064054	1
2063991	1
2063354	1
206315	1
2062578	1
20623	1
2061503	1
2060717	1
2057802	1
2057581	1
205665	1
2054593	1
2054273	1
20539	1
20535	1
205341	1
2053067	1
20524	1
2052382	1
20519	1
2049518	1
20476	1
204746	1
20465	1
204633	1
20461	1
204533	1
2045079	1
2044	1
2043088	1
2036545	1
20359	1
2033988	1
2033185	1
20330	1
2031684	1
202979	1
202930	1
20292	1
202651	1
2025843	1
2025376	1
2025015	1
2024125	1
2023531	1
202319	1
20231	1
202083	1
201989	1
20191	1
2018225	1
2018	1
2017519	1
20175	1
2016558	1
201649	1
2015	1
201388	1
201118	1
200958	1
2008211	1
2007732	1
200733	1
2006288	1
2005636	1
200486	1
20041	1
20038	1
2001709	1
200072	1
199801	1
19970	1
1997	1
19966	1
1995217	1
199445	1
199419	1
1993561	1
1992553	1
199228	1
199166	1
199059	1
19901	1
199006	1
199	1
198899	1
1988345	1
198833	1
1987811	1
19856	1
1984829	1
19838	1
19837	1
19833	1
19832	1
1983	1
1982294	1
198157	1
198139	1
198112	1
198048	1
198038	1
19801	1
1979960	1
19799	1
19793	1
197880	1
1978748	1
19784	1
1976132	1
197578	1
197435	1
19740	1
19726	1
1971308	1
1970492	1
1969390	1
196838	1
1967423	1
1966713	1
1966488	1
1965449	1
196530	1
19652	1
196511	1
196495	1
1964	1
1963542	1
19635	1
196252	1
19617	1
196105	1
195545	1
195501	1
1954857	1
1954281	1
195355	1
195222	1
1952024	1
1948748	1
19486	1
194571	1
19450	1
1944757	1
1943811	1
19354	1
1931359	1
193119	1
19309	1
193040	1
1930345	1
19301	1
1929186	1
19290	1
19287	1
1928620	1
19285	1
192707	1
192673	1
19247	1
1922982	1
1922659	1
1922620	1
1920965	1
192086	1
19204	1
192033	1
191960	1
19195	1
191864	1
1916038	1
19149	1
1914689	1
1913142	1
191247	1
1911995	1
19110	1
19109	1
1909406	1
1908895	1
190876	1
1908641	1
190722	1
1907017	1
1905672	1
1905175	1
19048	1
190450	1
190426	1
1903691	1
1903601	1
1903	1
1901281	1
19006	1
19000	1
1899051	1
1899019	1
1898386	1
1897178	1
189695	1
1896624	1
189581	1
189526	1
1894880	1
189298	1
18922	1
1891853	1
18918	1
1891595	1
189065	1
1888853	1
1888763	1
1888673	1
188771	1
18874	1
1886629	1
1885117	1
188414	1
1883785	1
188282	1
18815	1
1878129	1
187793	1
18769	1
18765	1
187641	1
1876	1
1875995	1
1875946	1
187541	1
1873670	1
1872146	1
1868918	1
18689	1
186854	1
1868473	1
18683	1
1868	1
1867849	1
186784	1
18678	1
186779	1
186765	1
18675	1
186662	1
186475	1
18646	1
186293	1
186258	1
1861797	1
1861197	1
1860108	1
18593	1
1859204	1
18584	1
1858166	1
185803	1
18577	1
185732	1
185699	1
1855766	1
185490	1
185316	1
1853097	1
184949	1
184895	1
184727	1
1846362	1
1845915	1
184566	1
18449	1
184470	1
1844501	1
18443	1
1844010	1
1843993	1
184391	1
184314	1
1842700	1
184167	1
184136	1
184118	1
184026	1
183922	1
1838436	1
1837809	1
1837731	1
183624	1
18359	1
18358	1
18355	1
1835311	1
183432	1
183345	1
183318	1
1833004	1
1831783	1
18316	1
1831352	1
18311	1
183063	1
183023	1
182889	1
18278	1
18270	1
18269	1
182495	1
1823718	1
1823061	1
1821199	1
18206	1
1820598	1
182032	1
181987	1
1818153	1
1816917	1
18169	1
181593	1
18154	1
18152	1
1814323	1
181346	1
181344	1
1813100	1
181202	1
18120	1
181159	1
181122	1
1809733	1
1809037	1
18090	1
18081	1
1807791	1
18077	1
180740	1
180607	1
18060	1
18044	1
1802564	1
18024	1
1801456	1
17986	1
179818	1
179682	1
1796451	1
179641	1
1796322	1
17951	1
17949	1
179427	1
1794215	1
1793604	1
17930	1
17928	1
179264	1
179155	1
1790598	1
179007	1
17889	1
17884	1
178791	1
178655	1
178507	1
178409	1
178367	1
1783272	1
17827	1
178201	1
1781151	1
178092	1
177696	1
1776263	1
1775514	1
17732	1
17730	1
1773	1
177289	1
17702	1
177007	1
1770	1
176875	1
176868	1
1767051	1
1766334	1
1766201	1
17657	1
176561	1
176529	1
1764578	1
176410	1
176391	1
176314	1
1762527	1
17588	1
17582	1
1757158	1
17570	1
17564	1
175628	1
175590	1
1754943	1
175472	1
17538	1
17537	1
1753687	1
1753492	1
175221	1
17518	1
175081	1
175040	1
175002	1
17500	1
17487	1
174633	1
17457	1
17454	1
1744196	1
1741302	1
174128	1
1740579	1
1740417	1
173925	1
17391	1
173791	1
173684	1
173672	1
17352	1
1733146	1
1732186	1
17311	1
1730986	1
17298	1
1729771	1
17296	1
1728896	1
1728233	1
1727966	1
17242	1
172390	1
1723665	1
1723425	1
172289	1
172252	1
17207	1
17202	1
17195	1
171510	1
171449	1
1714036	1
17137	1
1712705	1
171052	1
1710269	1
170893	1
170782	1
170764	1
170759	1
1707	1
1705796	1
1705517	1
1703717	1
1703048	1
17013	1
17003	1
16979	1
1697163	1
1697048	1
16970	1
169668	1
1696320	1
1696082	1
1695392	1
169539	1
169513	1
1694836	1
169470	1
169448	1
1694032	1
169311	1
1692007	1
16917	1
1691	1
169050	1
1690381	1
169019	1
1689769	1
1689107	1
168874	1
16880	1
1687730	1
1686481	1
168648	1
1686007	1
16857	1
1685680	1
168530	1
168355	1
1683	1
1682940	1
1682504	1
16816	1
16814	1
168048	1
167974	1
167946	1
16791	1
1677062	1
167629	1
1675427	1
1675107	1
1674357	1
16737	1
1673129	1
16730	1
16717	1
167098	1
1670370	1
16685	1
166719	1
166710	1
1665603	1
16645	1
1664370	1
166282	1
166118	1
1660773	1
166037	1
166028	1
1660	1
165962	1
16590	1
1659	1
165640	1
165619	1
1655	1
165496	1
1653927	1
165310	1
1653008	1
16504	1
1649598	1
164817	1
1647418	1
1647216	1
1647	1
1646774	1
16467	1
164664	1
1645695	1
16454	1
1645377	1
164428	1
164422	1
16431	1
164295	1
164216	1
1640966	1
1639701	1
163871	1
1637849	1
1636612	1
16360	1
1635500	1
163353	1
1633461	1
1633206	1
16332	1
163305	1
163301	1
16316	1
163075	1
163047	1
162953	1
16272	1
16270	1
16267	1
162508	1
162469	1
1624616	1
1623076	1
162251	1
162223	1
162218	1
162160	1
162154	1
162113	1
162002	1
161955	1
161954	1
16195	1
161921	1
1618581	1
161839	1
1618310	1
16179	1
1617669	1
1616411	1
161449	1
161447	1
161353	1
1613	1
161268	1
161057	1
161056	1
161025	1
1609372	1
160922	1
160896	1
1608780	1
1607766	1
16073	1
160591	1
160544	1
160531	1
160496	1
16043	1
160351	1
160350	1
1603242	1
160310	1
160251	1
160170	1
16014	1
160103	1
160050	1
16005	1
160042	1
160041	1
159966	1
159931	1
159828	1
1598179	1
159815	1
159778	1
1597505	1
159718	1
159704	1
159703	1
159680	1
159635	1
159619	1
159614	1
159601	1
1595771	1
159526	1
159457	1
159444	1
159437	1
159432	1
159430	1
159378	1
159374	1
159373	1
159335	1
159332	1
15928	1
159228	1
159216	1
159214	1
159206	1
159172	1
1591690	1
159140	1
159133	1
159101	1
159076	1
159055	1
159046	1
159043	1
159031	1
158971	1
15897	1
1589649	1
158949	1
158938	1
158920	1
158913	1
158886	1
158869	1
158841	1
158826	1
1588256	1
158789	1
158781	1
158772	1
1587547	1
158750	1
158747	1
158744	1
1587000	1
1586565	1
158622	1
1585588	1
1585561	1
15842	1
158387	1
158294	1
158248	1
15818	1
158162	1
15798	1
157949	1
157912	1
157884	1
157876	1
157833	1
1578248	1
157809	1
1578058	1
157758	1
157741	1
157732	1
157722	1
157713	1
157698	1
157694	1
157687	1
157673	1
157669	1
1576637	1
1576334	1
157629	1
157603	1
157598	1
157593	1
157574	1
157572	1
157571	1
1575513	1
157543	1
157521	1
157514	1
157497	1
157494	1
157493	1
157481	1
1574252	1
157423	1
157403	1
15740	1
1574	1
157388	1
15735	1
157324	1
157280	1
157278	1
157223	1
157155	1
157134	1
157130	1
1570665	1
157009	1
157005	1
156985	1
156980	1
156960	1
156958	1
156932	1
156889	1
156882	1
1568652	1
156859	1
156845	1
156773	1
156771	1
156769	1
156704	1
156665	1
156654	1
15665	1
156649	1
156645	1
156620	1
15662	1
156584	1
15658	1
156556	1
156530	1
156416	1
156380	1
15636	1
1563220	1
156288	1
156279	1
156247	1
156243	1
156239	1
156214	1
156208	1
15618	1
156175	1
156135	1
156119	1
156114	1
156106	1
156067	1
156005	1
155947	1
155821	1
155804	1
155751	1
1557479	1
155684	1
1556749	1
155658	1
1556295	1
155591	1
155556	1
155506	1
155499	1
155483	1
155476	1
155474	1
155402	1
155331	1
15533	1
155303	1
155301	1
1552987	1
155284	1
155282	1
155267	1
155247	1
1552314	1
15522	1
155209	1
155171	1
15517	1
155168	1
155155	1
1551421	1
15512	1
155116	1
155109	1
155101	1
155079	1
155074	1
155064	1
155063	1
155038	1
155021	1
1549999	1
154996	1
154991	1
154985	1
154975	1
154972	1
154947	1
154945	1
154937	1
154931	1
154926	1
154920	1
154897	1
154894	1
154890	1
154881	1
154880	1
154873	1
154865	1
154853	1
154844	1
154832	1
154828	1
154826	1
154820	1
154819	1
154806	1
154771	1
154758	1
154753	1
1547526	1
154736	1
1547242	1
154709	1
15467	1
154663	1
154650	1
154646	1
154528	1
154526	1
154522	1
154518	1
154517	1
154493	1
154471	1
154446	1
154440	1
154437	1
154424	1
154418	1
154412	1
154404	1
154380	1
1543693	1
154359	1
154280	1
154274	1
154267	1
154255	1
154228	1
154217	1
154215	1
154207	1
154165	1
154148	1
154118	1
154102	1
154073	1
15406	1
1540529	1
154017	1
154010	1
154004	1
153985	1
153981	1
153971	1
153945	1
15390	1
153842	1
153834	1
153830	1
153814	1
153812	1
153752	1
153749	1
15370	1
153685	1
1536815	1
153658	1
153634	1
153580	1
153556	1
153541	1
153530	1
153529	1
1533969	1
153369	1
15324	1
153141	1
1531	1
153068	1
153063	1
153059	1
153050	1
153036	1
153000	1
152915	1
152860	1
152848	1
152846	1
1528397	1
152839	1
152834	1
152811	1
152801	1
152787	1
152786	1
152753	1
152747	1
15273	1
152717	1
152691	1
152673	1
152668	1
152635	1
152633	1
152575	1
15255	1
152538	1
152518	1
152510	1
152505	1
152458	1
1524459	1
152438	1
152385	1
152295	1
1522877	1
152262	1
152153	1
1521340	1
152089	1
151969	1
151957	1
151912	1
151905	1
151847	1
1518313	1
1517592	1
151730	1
151711	1
151684	1
151669	1
151604	1
151601	1
151582	1
151579	1
1515685	1
151560	1
151554	1
15146	1
151387	1
151379	1
151378	1
151368	1
151309	1
151278	1
151271	1
1511897	1
151144	1
151137	1
151115	1
151044	1
151030	1
150961	1
1509316	1
15093	1
150818	1
15081	1
150794	1
150789	1
150743	1
1507350	1
150712	1
150701	1
150689	1
150686	1
1506592	1
1505009	1
150496	1
150489	1
150416	1
150351	1
150330	1
150188	1
150107	1
150106	1
150100	1
150082	1
15006	1
1499758	1
14995	1
149899	1
149890	1
149869	1
1498023	1
149794	1
149783	1
149747	1
149645	1
149637	1
149590	1
1495183	1
149435	1
1493980	1
149396	1
149344	1
14934	1
149325	1
149324	1
149247	1
149217	1
1492105	1
149208	1
1491347	1
149125	1
149120	1
149101	1
1490964	1
149068	1
1490186	1
14897	1
148884	1
148787	1
14876	1
148575	1
14856	1
148559	1
148494	1
148446	1
148438	1
1482623	1
148232	1
148228	1
1482103	1
148192	1
148189	1
148139	1
148133	1
148006	1
14792	1
1479176	1
147866	1
147864	1
147827	1
147753	1
147743	1
147741	1
147732	1
1477260	1
147698	1
147692	1
1476559	1
1476414	1
147627	1
147624	1
147622	1
1475989	1
147590	1
147572	1
147570	1
147530	1
147529	1
147501	1
147484	1
147451	1
147446	1
147432	1
147430	1
1474151	1
147402	1
147383	1
1473657	1
1473629	1
147337	1
147303	1
147297	1
147274	1
147268	1
147266	1
147263	1
147259	1
147251	1
1472355	1
147210	1
147196	1
1471941	1
14719	1
147162	1
147156	1
147147	1
147123	1
147105	1
147095	1
147077	1
147060	1
147050	1
147025	1
147018	1
146979	1
146949	1
146935	1
146891	1
146889	1
146886	1
1468791	1
146879	1
146877	1
146876	1
146873	1
146872	1
146871	1
146868	1
146858	1
146851	1
146826	1
1468205	1
146811	1
1467991	1
146787	1
146783	1
146776	1
146773	1
146721	1
146711	1
146707	1
146705	1
146693	1
146668	1
146667	1
146656	1
146654	1
146647	1
146634	1
146631	1
1466261	1
146615	1
146569	1
146519	1
1465030	1
146493	1
146491	1
146487	1
146467	1
146453	1
146447	1
146417	1
1464095	1
146409	1
146396	1
146387	1
146370	1
146351	1
146332	1
146325	1
146317	1
146288	1
146256	1
14625	1
146247	1
146246	1
146241	1
146238	1
146234	1
146232	1
146204	1
146200	1
146197	1
146196	1
146193	1
1461886	1
1461528	1
146149	1
146142	1
146112	1
146092	1
146090	1
146074	1
14606	1
146048	1
146047	1
146044	1
146034	1
146013	1
146009	1
145994	1
145987	1
145979	1
145978	1
145973	1
145970	1
145941	1
145927	1
145926	1
145876	1
145872	1
145871	1
145869	1
145860	1
145836	1
145829	1
145827	1
145826	1
145823	1
145821	1
145818	1
145813	1
145812	1
145795	1
145778	1
145763	1
1457552	1
145749	1
145719	1
145680	1
145654	1
145645	1
145644	1
145625	1
1456209	1
145617	1
145606	1
14560	1
145568	1
1455531	1
145553	1
145552	1
145550	1
145548	1
145544	1
145543	1
145493	1
145484	1
145458	1
145446	1
1454343	1
145432	1
145369	1
1453689	1
1453647	1
145356	1
145349	1
145348	1
145338	1
145280	1
145274	1
145272	1
145270	1
145231	1
14522	1
145195	1
145194	1
145186	1
145157	1
145153	1
14515	1
145134	1
145131	1
145125	1
145123	1
145028	1
145021	1
145015	1
144986	1
144951	1
144941	1
144929	1
1449193	1
1449076	1
144900	1
144895	1
1448897	1
144871	1
14484	1
144834	1
1448253	1
14480	1
144778	1
144763	1
144702	1
144677	1
144647	1
144621	1
144612	1
14460	1
144581	1
144569	1
144562	1
144527	1
144504	1
144429	1
144416	1
144390	1
1443638	1
144345	1
1442853	1
144260	1
144237	1
144206	1
144060	1
1440186	1
144013	1
143993	1
143987	1
1439675	1
143960	1
143959	1
143861	1
143860	1
143841	1
143829	1
143783	1
14378	1
143777	1
143758	1
143750	1
143714	1
143712	1
14369	1
143680	1
1436656	1
143658	1
143652	1
1436458	1
143619	1
143609	1
14360	1
143582	1
143574	1
143532	1
143512	1
143494	1
1434447	1
14344	1
143435	1
143357	1
143356	1
143344	1
143342	1
143263	1
143257	1
1432481	1
1432397	1
143228	1
143217	1
143193	1
143152	1
143137	1
143136	1
143044	1
1429391	1
142916	1
142900	1
142897	1
142891	1
142880	1
1428689	1
142848	1
1428236	1
142817	1
142816	1
142787	1
14278	1
142774	1
142766	1
142739	1
142724	1
1427151	1
142701	1
142698	1
142658	1
142645	1
142641	1
142587	1
142523	1
14250	1
142496	1
1424824	1
1424780	1
142456	1
142429	1
142427	1
142425	1
142397	1
1423350	1
142317	1
142295	1
1422762	1
142264	1
142256	1
142234	1
142230	1
142108	1
142107	1
142055	1
141990	1
1419809	1
141932	1
1419272	1
141863	1
141852	1
141805	1
141788	1
141700	1
141692	1
141631	1
141627	1
141608	1
141587	1
141545	1
141527	1
141521	1
141506	1
141427	1
1413867	1
14136	1
141353	1
141343	1
14134	1
141298	1
1412397	1
141205	1
1412048	1
141194	1
1411646	1
141160	1
141156	1
141141	1
141121	1
1411159	1
141112	1
141062	1
1410505	1
14103	1
141028	1
14102	1
140965	1
140940	1
140918	1
140895	1
140890	1
140881	1
140879	1
140820	1
140806	1
140734	1
140727	1
140674	1
140654	1
140641	1
140637	1
14063	1
1406225	1
14062	1
14057	1
140563	1
1405530	1
1405357	1
1405292	1
140524	1
140522	1
140506	1
140468	1
140437	1
140410	1
140409	1
140395	1
140392	1
140380	1
140373	1
140365	1
140355	1
1402553	1
140240	1
140234	1
140216	1
140185	1
14016	1
140144	1
1401345	1
140123	1
1401185	1
140093	1
140068	1
140058	1
139991	1
139974	1
139926	1
139905	1
1398990	1
139897	1
139886	1
139863	1
1398376	1
139834	1
139795	1
139779	1
139772	1
1397282	1
1397130	1
1396792	1
13960	1
139555	1
1395515	1
13950	1
139485	1
139480	1
13948	1
139471	1
139453	1
139452	1
139451	1
139410	1
1393875	1
139200	1
139193	1
139182	1
139170	1
139121	1
1391048	1
139095	1
1390011	1
13897	1
1389311	1
138889	1
138850	1
138844	1
138839	1
1388356	1
138834	1
138800	1
138770	1
138767	1
138760	1
1387386	1
138732	1
1387213	1
13870	1
138660	1
138638	1
138630	1
138603	1
138589	1
138584	1
138573	1
138571	1
138530	1
138527	1
138520	1
138489	1
1384583	1
138456	1
1383857	1
138373	1
138347	1
138346	1
138345	1
138344	1
1383409	1
138308	1
13830	1
138299	1
138295	1
1382600	1
138260	1
138200	1
138199	1
138180	1
138179	1
138177	1
138158	1
138144	1
138026	1
1380196	1
138019	1
138013	1
138010	1
137978	1
137962	1
137954	1
1379152	1
137868	1
137865	1
137864	1
137842	1
137733	1
137729	1
137724	1
137719	1
1376984	1
137637	1
137617	1
137580	1
137571	1
137570	1
137541	1
13748	1
1374772	1
1374335	1
137431	1
137427	1
1374239	1
13741	1
137382	1
137353	1
137322	1
137320	1
137313	1
137307	1
137296	1
137295	1
137288	1
137273	1
137272	1
137268	1
137260	1
137254	1
1372483	1
137242	1
1372189	1
137101	1
137100	1
137075	1
1370681	1
137066	1
137056	1
137049	1
137042	1
137039	1
136865	1
136782	1
136709	1
136704	1
136701	1
1367	1
136684	1
136655	1
1366267	1
1365	1
136455	1
136449	1
1363960	1
136393	1
136386	1
136382	1
136379	1
136353	1
136347	1
136343	1
136338	1
1362528	1
1362024	1
13619	1
136161	1
13616	1
1361470	1
136130	1
13613	1
1361253	1
136096	1
136024	1
136018	1
13598	1
135968	1
135808	1
1358019	1
135800	1
135772	1
135739	1
135718	1
135712	1
135703	1
135655	1
135617	1
1355947	1
135566	1
1355611	1
135532	1
1355	1
135493	1
135471	1
1354490	1
135449	1
135424	1
1354225	1
1354120	1
135407	1
1352124	1
135207	1
135200	1
135176	1
135174	1
135172	1
135171	1
135169	1
135161	1
135149	1
135126	1
135112	1
135094	1
1350050	1
1349547	1
1349212	1
134914	1
134906	1
1348974	1
134868	1
134867	1
134842	1
134811	1
134786	1
134783	1
134777	1
134776	1
134773	1
1347470	1
13462	1
134565	1
1344267	1
1344114	1
1344	1
1343763	1
134308	1
1342923	1
1342397	1
134225	1
1341238	1
134105	1
134068	1
134066	1
1340037	1
1339778	1
1339739	1
13387	1
133703	1
133651	1
13365	1
133495	1
13349	1
133465	1
1334232	1
1333983	1
13339	1
1333661	1
1333316	1
13330	1
133225	1
133055	1
1328491	1
1327754	1
13275	1
132722	1
1326453	1
1326429	1
132536	1
132488	1
13248	1
13244	1
1323418	1
1322153	1
132197	1
1321439	1
13214	1
1321347	1
13213	1
132125	1
1321	1
13206	1
1319206	1
131914	1
131901	1
1318772	1
131877	1
131820	1
131818	1
1317711	1
1317654	1
13176	1
1317389	1
131698	1
1316066	1
13151	1
131499	1
13149	1
1314856	1
1314444	1
131288	1
131253	1
131170	1
1311609	1
131132	1
131123	1
13103	1
1310	1
1309719	1
1309031	1
130784	1
13075	1
130749	1
1306	1
1305919	1
130566	1
1305251	1
13037	1
1302444	1
1302380	1
13016	1
130135	1
1299527	1
12994	1
1297825	1
1297300	1
129655	1
129588	1
1294	1
1293917	1
129384	1
129357	1
129189	1
1291646	1
12913	1
1290885	1
129066	1
12905	1
1290354	1
128971	1
128839	1
128802	1
128751	1
128715	1
1286873	1
1285907	1
1285861	1
128510	1
1284441	1
12836	1
128321	1
1282609	1
128194	1
1281166	1
1278638	1
127851	1
1278109	1
12777	1
1277494	1
127724	1
1276975	1
127686	1
1276853	1
1276216	1
127599	1
12756	1
1274633	1
1274480	1
1272781	1
1272324	1
1271283	1
127073	1
1270152	1
126827	1
126818	1
126717	1
12664	1
126560	1
1265479	1
126542	1
1265342	1
126505	1
126477	1
1264597	1
12639	1
12636	1
126358	1
1263531	1
1263480	1
1262306	1
1262165	1
12607	1
1259912	1
125984	1
12597	1
125962	1
12595	1
1259401	1
1258871	1
1258820	1
1258468	1
1258372	1
125717	1
1256982	1
1256914	1
12559	1
1255823	1
1255322	1
1254998	1
12548	1
125346	1
1253099	1
1252994	1
125222	1
1251900	1
125136	1
1251058	1
1251035	1
1250840	1
125017	1
124856	1
1246704	1
1246107	1
1246091	1
124501	1
124482	1
12434	1
124328	1
1242737	1
124180	1
124081	1
123996	1
1238921	1
1237106	1
12371	1
12366	1
12364	1
123495	1
1234564	1
123388	1
12338	1
1233614	1
1233135	1
123181	1
12314	1
1231057	1
123012	1
1229182	1
1228607	1
12284	1
122813	1
12277	1
1227301	1
122717	1
122687	1
122665	1
122635	1
1225183	1
122475	1
1224702	1
1224361	1
1224256	1
1223708	1
122300	1
1222939	1
12227	1
122212	1
1221547	1
12215	1
1220738	1
1220715	1
12207	1
1220319	1
1220091	1
1219986	1
12194	1
1218854	1
121879	1
121873	1
1217812	1
121779	1
1217706	1
121634	1
12159	1
1215199	1
121518	1
12142	1
121364	1
1213	1
1212118	1
1211151	1
1210	1
120821	1
120795	1
1206789	1
120658	1
120579	1
1205	1
120478	1
12046	1
120393	1
1203313	1
120210	1
12020	1
1201906	1
1201762	1
1201454	1
1200310	1
1200074	1
119994	1
1199367	1
1199142	1
1197868	1
119761	1
1197217	1
1196620	1
1195767	1
1195065	1
1194654	1
119385	1
1191646	1
119133	1
119006	1
11899	1
1189171	1
1188463	1
1187739	1
1187024	1
1186956	1
11867	1
1186669	1
1186438	1
118605	1
11858	1
11856	1
118556	1
11855	1
1184575	1
1184437	1
1182542	1
11810	1
1180337	1
11781	1
1178076	1
1177699	1
1176831	1
117642	1
1174709	1
117428	1
1173682	1
1172000	1
116940	1
1169373	1
1169250	1
1168610	1
1168518	1
1167744	1
1167586	1
11663	1
1164454	1
1164118	1
1163464	1
1163115	1
116260	1
11626	1
1162081	1
1162055	1
116192	1
1161062	1
1160789	1
1160271	1
11600	1
1159516	1
11593	1
1158827	1
1157439	1
1156847	1
115462	1
1154238	1
115398	1
11532	1
115287	1
115241	1
1152330	1
1151949	1
11519	1
1151684	1
1151065	1
1148265	1
1147985	1
114781	1
114779	1
1147685	1
1147397	1
1147263	1
1147046	1
11469	1
114474	1
114424	1
114377	1
1143611	1
1143083	1
114247	1
11422	1
114179	1
114	1
1139800	1
113971	1
1139070	1
113891	1
113867	1
1137810	1
113648	1
113632	1
1136238	1
11360	1
11359	1
113434	1
1133261	1
113181	1
1131287	1
11305	1
11302	1
113000	1
112941	1
112914	1
112900	1
112899	1
112897	1
1128844	1
112837	1
1127289	1
1127	1
1126862	1
112681	1
1126648	1
1126246	1
1124989	1
1124941	1
1124792	1
112477	1
112471	1
1124620	1
112404	1
1123809	1
112366	1
112353	1
1123345	1
112318	1
1122341	1
1122107	1
112123	1
1120814	1
1120367	1
1118624	1
1118162	1
1117801	1
1117577	1
111704	1
111664	1
11164	1
111638	1
111498	1
111460	1
1114375	1
111432	1
111351	1
1112871	1
11126	1
1112518	1
11122	1
1111592	1
1111529	1
111149	1
111114	1
111090	1
1110267	1
111003	1
1110	1
110992	1
110990	1
1109891	1
1108518	1
11080	1
110780	1
110763	1
1107524	1
110712	1
11065	1
1105807	1
110563	1
1105225	1
110515	1
110472	1
110457	1
1103494	1
1102743	1
1102165	1
1100604	1
1100515	1
1098881	1
109867	1
109827	1
10962	1
1095576	1
1095432	1
1095	1
1093543	1
1093011	1
1092804	1
1092449	1
109216	1
1091864	1
109161	1
1091547	1
109138	1
109137	1
1090994	1
1090478	1
108906	1
108902	1
1088947	1
1088894	1
1088853	1
108860	1
1088486	1
1087872	1
108783	1
108754	1
108735	1
108732	1
1087007	1
1086820	1
1086721	1
108670	1
1086459	1
108621	1
108545	1
1085323	1
1085300	1
1085206	1
108488	1
1084788	1
108474	1
108450	1
108444	1
108434	1
1084168	1
108286	1
10826	1
108231	1
1081939	1
1081435	1
1081357	1
1081088	1
1080849	1
108084	1
1080517	1
108023	1
1080150	1
107993	1
107942	1
107870	1
107831	1
1078057	1
107795	1
107729	1
107709	1
107701	1
1076873	1
107670	1
10767	1
107656	1
10764	1
1076115	1
107592	1
107556	1
107510	1
1074942	1
107485	1
107469	1
1074673	1
1074639	1
107446	1
10744	1
1074323	1
1074007	1
1073625	1
107338	1
1073078	1
107296	1
1072675	1
10723	1
1072247	1
1072024	1
107159	1
1071350	1
10708	1
1070771	1
10702	1
106982	1
1069755	1
1069267	1
1068839	1
1068683	1
1067764	1
106739	1
1067042	1
1066892	1
106654	1
106638	1
106624	1
106613	1
106572	1
106549	1
106507	1
106482	1
1064769	1
1064747	1
1064706	1
1064398	1
1064339	1
1064294	1
106414	1
106412	1
1064048	1
1064	1
1063998	1
1063194	1
1062972	1
106186	1
106145	1
106021	1
105931	1
1059126	1
105857	1
105821	1
10581	1
105725	1
10568	1
1056748	1
105667	1
1056293	1
105549	1
105349	1
10534	1
105312	1
1052875	1
105282	1
105278	1
10527	1
105210	1
1051477	1
1051371	1
1050184	1
10500	1
104997	1
104996	1
104948	1
104920	1
1048628	1
104797	1
104744	1
104742	1
104733	1
1045382	1
104489	1
104480	1
104448	1
104425	1
104373	1
104301	1
1042716	1
1042506	1
104191	1
10415	1
104107	1
1040372	1
1039749	1
1039319	1
103927	1
1039203	1
1039082	1
1038580	1
1038452	1
103815	1
1036165	1
103614	1
1036036	1
10356	1
103554	1
103489	1
1034834	1
1034283	1
1033965	1
103384	1
1033702	1
1033584	1
1033449	1
1033311	1
103319	1
1032869	1
103255	1
103243	1
1031964	1
103167	1
103127	1
1030526	1
103022	1
1029753	1
102882	1
1028693	1
1028501	1
102794	1
1027883	1
1027847	1
10278	1
10275	1
1026258	1
102604	1
102528	1
1024588	1
102300	1
1022653	1
102262	1
102202	1
102174	1
1021726	1
1021500	1
102134	1
1021179	1
1020976	1
102066	1
1020472	1
102006	1
1020034	1
10198	1
1019571	1
1019199	1
101866	1
101820	1
1016723	1
1016553	1
101642	1
1016244	1
1016047	1
1015788	1
101562	1
10156	1
1015351	1
1014695	1
1013738	1
1013241	1
101232	1
1012251	1
1012140	1
101198	1
101188	1
10100	1
1009989	1
1009818	1
100951	1
1009243	1
1009232	1
1009196	1
100913	1
1008323	1
1008187	1
1007665	1
100756	1
100733	1
1007213	1
10064	1
1006170	1
1005889	1
100575	1
100513	1
100500	1
1004329	1
1004181	1
100260	1
100206	1
1001055	1
100064	1
1000420	1
1000358	1
