9	1101
39	630
20	621
13	583
11	457
-9	389
5759	314
3	305
74	276
1546	244
1254	238
100	223
211	213
20545	204
4171	202
14	194
146	181
91	176
41	174
42	170
2286	170
6411	167
5097	152
1586	151
651	146
35	146
103	139
277	131
22848	127
22	126
4	121
205	120
495	119
643	118
31	115
2	114
23	106
12	106
997	102
1456	100
268	99
134	99
10301	99
2044	98
36	95
59	94
26	93
27	92
285	91
118	90
10	89
3114	88
29	88
32	85
21	83
99	81
33	79
696	76
98	75
96	75
66	75
5784	75
97	74
48	74
164	73
24	70
174	68
5	67
19	67
129	67
940	66
3376	66
1	64
80	63
292	63
51	62
175	62
281	61
197	61
8591	57
45	57
1529	55
7233	54
30	54
128	54
631	53
845	52
5570	52
13721	52
6935	51
61	51
5449	51
180	51
1358	51
46	50
349	50
237	50
443	49
82	48
55	48
2197	48
156	48
50	47
28	47
270	47
207	47
106	47
70	46
165	46
10331	46
141	45
113	45
534	44
25	44
2446	44
18	44
84	43
556	43
326	43
2789	43
166	43
9420	42
54	42
309	42
189	42
133	42
613	41
6	41
4639	41
344	41
301	40
179	40
11246	40
85	39
455	39
271	39
252	39
119	39
2809	38
916	37
89	37
472	37
393	37
291	37
142	37
10910	37
8631	36
633	36
209	36
208	36
72	35
34	35
19540	35
120	35
11509	35
707	34
7	34
6498	34
58	34
456	34
17	34
912	33
88	33
745	33
444	33
398	33
3715	33
307	33
938	32
4058	32
340	32
109	32
79	31
75	31
44	31
345	31
223	31
159	31
12871	31
123	31
990	30
815	30
705	30
38	30
3244	30
266	30
194	30
1765	30
765	29
37	29
3378	29
3231	29
275	29
264	29
235	29
218	29
196	29
1206	29
107	29
105	29
932	28
901	28
787	28
348	28
2061	28
1617	28
153	28
1010	28
95	27
740	27
560	27
434	27
40	27
3172	27
2333	27
1711	27
1275	27
1122	27
112	27
10966	27
703	26
618	26
43	26
4288	26
251	26
187	26
17902	26
1265	26
1213	26
879	25
8557	25
63	25
406	25
332	25
3275	25
297	25
2639	25
15	25
136	25
131	25
9625	24
690	24
609	24
593	24
5911	24
550	24
49	24
47	24
371	24
2868	24
241	24
214	24
1556	24
9773	23
6693	23
6622	23
592	23
5153	23
400	23
3981	23
316	23
3105	23
2577	23
2375	23
191	23
1790	23
116	23
93	22
92	22
69	22
67	22
577	22
526	22
408	22
376	22
3362	22
3287	22
2844	22
2187	22
186	22
18305	22
1100	22
10359	22
94	21
77	21
715	21
661	21
4180	21
361	21
289	21
2688	21
239	21
1967	21
16424	21
11923	21
117	21
943	20
920	20
90	20
6940	20
65	20
445	20
423	20
414	20
354	20
328	20
3192	20
283	20
1867	20
1583	20
157	20
1540	20
13065	20
1176	20
1136	20
87	19
81	19
71	19
520	19
4651	19
448	19
447	19
365	19
2775	19
248	19
226	19
204	19
2039	19
1479	19
115	19
9412	18
8	18
781	18
509	18
409	18
369	18
2148	18
210	18
206	18
18211	18
114	18
1082	18
10094	18
910	17
780	17
6335	17
616	17
5757	17
4305	17
4201	17
3532	17
3330	17
3286	17
2744	17
2732	17
2525	17
238	17
1846	17
16650	17
160	17
152	17
1428	17
1193	17
1174	17
976	16
965	16
931	16
8335	16
73	16
5151	16
4677	16
4272	16
416	16
379	16
3443	16
331	16
327	16
315	16
3052	16
284	16
261	16
2546	16
2533	16
221	16
193	16
1802	16
1673	16
16	16
1545	16
151	16
148	16
121	16
1085	16
921	15
8713	15
813	15
7176	15
6068	15
5195	15
519	15
5181	15
493	15
4662	15
4419	15
437	15
432	15
3983	15
395	15
385	15
3815	15
363	15
3516	15
288	15
234	15
231	15
1861	15
1845	15
1685	15
167	15
16363	15
161	15
144	15
1399	15
1316	15
12948	15
1135	15
960	14
9157	14
8895	14
861	14
860	14
8134	14
6633	14
52	14
4933	14
480	14
4277	14
4236	14
3964	14
3564	14
3364	14
300	14
2919	14
2837	14
2805	14
2796	14
279	14
273	14
2369	14
236	14
233	14
1872	14
1844	14
17924	14
1667	14
150	14
125	14
1195	14
11845	14
11739	14
11373	14
110	14
1040	14
999	13
992	13
9069	13
866	13
858	13
798	13
785	13
62	13
6085	13
604	13
538	13
5300	13
521	13
490	13
4602	13
4109	13
321	13
310	13
3072	13
302	13
2725	13
2640	13
2476	13
243	13
2364	13
219	13
215	13
2128	13
2080	13
184	13
1827	13
182	13
1799	13
1721	13
1707	13
16911	13
1676	13
1596	13
1565	13
1560	13
155	13
1300	13
12453	13
1241	13
1239	13
122	13
11390	13
1031	13
101	13
995	12
9261	12
924	12
850	12
7965	12
7946	12
6901	12
68	12
6308	12
595	12
578	12
568	12
504	12
4982	12
498	12
390	12
388	12
378	12
3411	12
3341	12
3130	12
2807	12
2739	12
2468	12
23073	12
2177	12
2129	12
2116	12
1999	12
198	12
1903	12
18866	12
17334	12
17019	12
1677	12
1627	12
162	12
147	12
145	12
14292	12
13858	12
132	12
1290	12
127	12
12623	12
12515	12
12473	12
12304	12
1161	12
1055	12
1051	12
975	11
903	11
7825	11
6968	11
684	11
64	11
6165	11
580	11
5783	11
5055	11
460	11
4577	11
3749	11
368	11
366	11
3619	11
3289	11
2619	11
2599	11
2552	11
2465	11
2460	11
229	11
2190	11
2145	11
2115	11
199	11
195	11
190	11
177	11
1582	11
140	11
13614	11
13075	11
1267	11
12378	11
11879	11
1094	11
1043	11
10191	11
10023	11
9572	10
956	10
9520	10
890	10
8703	10
856	10
8169	10
814	10
793	10
752	10
7504	10
7474	10
7276	10
6718	10
6625	10
620	10
608	10
5828	10
5816	10
581	10
5782	10
559	10
5160	10
500	10
492	10
442	10
436	10
4283	10
403	10
3852	10
382	10
377	10
3713	10
3679	10
3675	10
3581	10
3533	10
3255	10
311	10
2896	10
287	10
262	10
255	10
2549	10
2384	10
224	10
222	10
202	10
19948	10
19069	10
1811	10
17842	10
176	10
1720	10
16885	10
1671	10
15858	10
1581	10
15620	10
154	10
1434	10
13686	10
1365	10
13200	10
12931	10
1269	10
10968	10
1095	10
1056	10
1052	10
1046	10
967	9
9566	9
954	9
952	9
909	9
8913	9
885	9
8261	9
825	9
817	9
7948	9
78	9
7679	9
767	9
757	9
749	9
7078	9
695	9
6860	9
659	9
656	9
6527	9
6416	9
635	9
627	9
6175	9
6153	9
60	9
5838	9
5803	9
5693	9
562	9
558	9
5478	9
541	9
5280	9
5212	9
514	9
4958	9
4950	9
4890	9
4789	9
449	9
4482	9
4478	9
4324	9
424	9
4043	9
402	9
372	9
3717	9
3614	9
3363	9
2938	9
2848	9
2575	9
2498	9
2479	9
2463	9
246	9
2420	9
2270	9
22065	9
2199	9
21765	9
21383	9
20868	9
2085	9
201	9
1933	9
17868	9
17754	9
17725	9
1747	9
17265	9
1697	9
16866	9
1590	9
1585	9
158	9
15658	9
1562	9
1505	9
1489	9
1443	9
14297	9
13692	9
1338	9
1307	9
1252	9
1244	9
1232	9
1227	9
11597	9
11227	9
11217	9
1120	9
111	9
1103	9
11027	9
1070	9
1066	9
10544	9
970	8
9656	8
9616	8
9552	8
9263	8
9173	8
9142	8
8777	8
8464	8
824	8
8126	8
8074	8
8000	8
7982	8
762	8
76	8
733	8
7110	8
6956	8
6780	8
6766	8
671	8
6535	8
6473	8
645	8
642	8
638	8
591	8
590	8
583	8
571	8
5641	8
5505	8
5493	8
548	8
545	8
5423	8
5061	8
483	8
481	8
4781	8
467	8
4390	8
4327	8
427	8
410	8
4088	8
399	8
3862	8
3851	8
384	8
350	8
3470	8
3321	8
3191	8
3159	8
3101	8
2977	8
294	8
2890	8
2872	8
2822	8
2713	8
2642	8
2534	8
250	8
2457	8
245	8
2415	8
23823	8
23113	8
227	8
2255	8
217	8
21637	8
2157	8
2010	8
1971	8
1944	8
1885	8
1881	8
18804	8
181	8
1809	8
173	8
169	8
168	8
15991	8
15949	8
15471	8
15407	8
15262	8
1515	8
149	8
143	8
1359	8
1333	8
1315	8
1310	8
124	8
1215	8
11867	8
11406	8
11250	8
1110	8
1047	8
104	8
1016	8
10123	8
9951	7
9778	7
972	7
962	7
9264	7
923	7
9129	7
876	7
852	7
843	7
842	7
8379	7
8256	7
805	7
8039	7
8009	7
7985	7
7625	7
741	7
6964	7
693	7
6868	7
6748	7
6630	7
653	7
652	7
6476	7
646	7
6206	7
611	7
5991	7
5914	7
5812	7
5786	7
572	7
57	7
5690	7
5603	7
557	7
5463	7
5459	7
5328	7
530	7
523	7
522	7
5050	7
4895	7
4838	7
471	7
466	7
4557	7
4534	7
450	7
4491	7
4487	7
4485	7
4484	7
4476	7
4456	7
433	7
4298	7
4262	7
4071	7
4011	7
3946	7
392	7
3850	7
3846	7
3834	7
3678	7
3637	7
3626	7
3405	7
3212	7
317	7
3081	7
3079	7
305	7
2983	7
2898	7
2879	7
2845	7
2645	7
2618	7
2617	7
2527	7
2522	7
2433	7
2371	7
2191	7
2171	7
2119	7
2059	7
2021	7
2005	7
200	7
1922	7
1911	7
1905	7
1873	7
185	7
18231	7
1818	7
1754	7
17145	7
170	7
163	7
15894	7
1484	7
1470	7
1416	7
1388	7
1381	7
138	7
13675	7
1331	7
13202	7
13066	7
1292	7
1284	7
1279	7
1277	7
1272	7
12621	7
1209	7
1185	7
11808	7
1154	7
1152	7
11175	7
1112	7
1108	7
11055	7
1096	7
1093	7
10924	7
10882	7
1084	7
10715	7
1029	7
10260	7
10206	7
10199	7
996	6
9437	6
8936	6
8931	6
893	6
8920	6
8673	6
836	6
830	6
83	6
8253	6
8116	6
8037	6
801	6
7767	6
7729	6
7558	6
751	6
750	6
7443	6
7385	6
738	6
728	6
7257	6
7242	6
702	6
700	6
6973	6
6826	6
6699	6
665	6
660	6
6458	6
6452	6
6443	6
637	6
6347	6
626	6
6090	6
6039	6
596	6
5950	6
5945	6
5905	6
5891	6
5820	6
5711	6
5696	6
565	6
5557	6
554	6
5518	6
535	6
527	6
5267	6
5075	6
5001	6
4995	6
4918	6
4873	6
4730	6
4296	6
415	6
412	6
3989	6
3969	6
3947	6
3910	6
3894	6
3798	6
3778	6
3628	6
3596	6
3589	6
3583	6
351	6
3464	6
342	6
3288	6
3282	6
3261	6
322	6
3205	6
3161	6
3128	6
3082	6
308	6
3015	6
2988	6
2979	6
2955	6
295	6
2934	6
2922	6
2918	6
2895	6
2851	6
2786	6
2749	6
274	6
2673	6
267	6
265	6
2609	6
2603	6
259	6
2585	6
2528	6
2458	6
242	6
2351	6
2339	6
23301	6
2323	6
2315	6
2247	6
2189	6
21876	6
213	6
2089	6
1994	6
1992	6
19889	6
192	6
1917	6
18930	6
1838	6
1819	6
1798	6
1768	6
1761	6
17465	6
1739	6
17250	6
1718	6
1656	6
1634	6
16303	6
16202	6
16126	6
1600	6
1550	6
15349	6
1511	6
15077	6
1501	6
14858	6
1424	6
14191	6
14130	6
14080	6
1374	6
13636	6
1362	6
1361	6
13527	6
135	6
13447	6
1309	6
1293	6
12923	6
12889	6
12663	6
12108	6
1190	6
11889	6
1170	6
1167	6
1153	6
11495	6
1149	6
11460	6
1146	6
11179	6
1117	6
1115	6
10981	6
10971	6
1088	6
1075	6
1073	6
1069	6
10611	6
1058	6
10409	6
10368	6
10210	6
1007	6
9964	5
993	5
988	5
9806	5
979	5
977	5
9731	5
949	5
9376	5
9245	5
9218	5
917	5
902	5
899	5
8878	5
874	5
8553	5
8539	5
8386	5
8173	5
8165	5
8083	5
786	5
7807	5
766	5
7615	5
7563	5
7560	5
756	5
755	5
7446	5
736	5
735	5
730	5
729	5
720	5
716	5
7116	5
706	5
698	5
6886	5
687	5
682	5
680	5
6775	5
667	5
6581	5
6553	5
6483	5
647	5
6366	5
6316	5
6261	5
623	5
615	5
6121	5
6094	5
6051	5
605	5
5951	5
5913	5
5851	5
5775	5
5677	5
567	5
5650	5
5523	5
549	5
546	5
5435	5
5114	5
5101	5
5090	5
5028	5
5019	5
491	5
4897	5
4884	5
486	5
4681	5
4628	5
4619	5
461	5
4555	5
453	5
4506	5
446	5
4430	5
4388	5
4357	5
4318	5
431	5
4307	5
429	5
4270	5
418	5
417	5
4095	5
407	5
3968	5
3916	5
3909	5
3901	5
3818	5
380	5
3722	5
3709	5
370	5
3683	5
3647	5
3640	5
3638	5
3613	5
3547	5
3526	5
3382	5
3347	5
334	5
3300	5
325	5
320	5
3185	5
3176	5
2987	5
2984	5
2942	5
2824	5
2812	5
2801	5
280	5
278	5
2759	5
2746	5
2674	5
263	5
257	5
2551	5
2542	5
2536	5
2530	5
2510	5
2507	5
2495	5
2406	5
240	5
2379	5
2354	5
2336	5
23097	5
23018	5
22714	5
2269	5
2268	5
22480	5
2245	5
2232	5
22312	5
2185	5
2179	5
2158	5
2151	5
2139	5
21382	5
2137	5
2136	5
2135	5
2124	5
212	5
2105	5
20994	5
20874	5
2070	5
20007	5
1995	5
19941	5
19923	5
1989	5
1958	5
1943	5
19343	5
1898	5
18741	5
1849	5
18488	5
1839	5
183	5
18144	5
1812	5
1804	5
1803	5
17957	5
1785	5
17435	5
172	5
171	5
17021	5
16858	5
16809	5
16745	5
1662	5
16307	5
16232	5
16057	5
16047	5
16018	5
15837	5
15769	5
1575	5
15336	5
1531	5
1521	5
1493	5
1478	5
1472	5
14601	5
1453	5
1452	5
1449	5
1438	5
1429	5
1419	5
14173	5
1417	5
1397	5
1389	5
1387	5
13782	5
13719	5
1371	5
1364	5
13368	5
1336	5
1328	5
13040	5
1245	5
1233	5
12261	5
1220	5
11992	5
11919	5
11899	5
11795	5
11728	5
11673	5
1155	5
1143	5
1137	5
1124	5
1121	5
11197	5
1116	5
11105	5
1105	5
1098	5
10948	5
1063	5
1062	5
10477	5
10472	5
10326	5
1012	5
10019	5
10001	5
994	4
9882	4
9874	4
9851	4
9812	4
9769	4
969	4
9667	4
9641	4
9539	4
9537	4
9416	4
941	4
9301	4
925	4
913	4
911	4
908	4
907	4
906	4
8992	4
895	4
8929	4
8928	4
887	4
8819	4
8808	4
8716	4
8699	4
869	4
8683	4
864	4
8632	4
8606	4
857	4
8498	4
8412	4
841	4
8385	4
838	4
835	4
834	4
8337	4
8249	4
823	4
8219	4
8207	4
8155	4
812	4
8105	4
8080	4
802	4
8019	4
7967	4
7874	4
7860	4
7859	4
7840	4
7829	4
7775	4
7771	4
7730	4
7708	4
769	4
7642	4
7637	4
7624	4
760	4
7594	4
7586	4
758	4
7578	4
7548	4
7530	4
753	4
7498	4
7397	4
7391	4
7357	4
7342	4
731	4
727	4
7261	4
7197	4
7169	4
7106	4
7077	4
7039	4
7017	4
6985	4
6979	4
697	4
691	4
6867	4
6854	4
6829	4
6825	4
6823	4
6819	4
6810	4
681	4
6791	4
679	4
6783	4
6776	4
6760	4
6759	4
6750	4
675	4
6739	4
673	4
6678	4
662	4
655	4
6530	4
6525	4
6466	4
6450	4
641	4
6398	4
6245	4
6235	4
619	4
6119	4
607	4
6026	4
602	4
5940	4
5929	4
589	4
587	4
576	4
5708	4
569	4
5678	4
566	4
5655	4
5649	4
5631	4
5549	4
5544	4
5501	4
5492	4
5477	4
539	4
5388	4
5376	4
536	4
5350	4
533	4
532	4
5257	4
5206	4
5200	4
5168	4
5119	4
510	4
5074	4
507	4
5012	4
5006	4
4943	4
4924	4
4908	4
4805	4
4803	4
4767	4
4765	4
473	4
4696	4
4695	4
468	4
4655	4
463	4
4623	4
4609	4
4547	4
4447	4
4445	4
4439	4
4433	4
4422	4
4420	4
4412	4
4408	4
4407	4
4378	4
4372	4
4371	4
4345	4
4274	4
4250	4
425	4
4203	4
4192	4
4153	4
4134	4
4123	4
4120	4
411	4
4107	4
4105	4
4065	4
405	4
404	4
3984	4
3963	4
3951	4
3949	4
394	4
3913	4
3865	4
3838	4
383	4
3819	4
3807	4
3767	4
3732	4
373	4
3697	4
3644	4
364	4
3622	4
3593	4
358	4
357	4
3552	4
3536	4
3529	4
3525	4
352	4
3476	4
3458	4
3400	4
3385	4
3354	4
3329	4
3318	4
3295	4
3292	4
3274	4
3251	4
3237	4
3225	4
318	4
3148	4
3133	4
3122	4
3098	4
3090	4
3084	4
3076	4
306	4
3033	4
3005	4
298	4
2975	4
2921	4
290	4
2883	4
2861	4
2843	4
2829	4
282	4
2772	4
2769	4
2760	4
2747	4
2736	4
2730	4
2711	4
2691	4
2668	4
2658	4
2652	4
260	4
2581	4
256	4
253	4
2497	4
247	4
2438	4
2432	4
2412	4
2410	4
2409	4
2402	4
2396	4
2383	4
23711	4
2345	4
2331	4
2327	4
2313	4
23085	4
228	4
2271	4
2261	4
2250	4
225	4
2239	4
2226	4
22201	4
2219	4
2215	4
2206	4
21885	4
2183	4
2181	4
216	4
2155	4
21545	4
2123	4
21122	4
2104	4
20995	4
20967	4
2084	4
20665	4
20647	4
2054	4
2053	4
2003	4
1996	4
19934	4
19650	4
1963	4
1959	4
19542	4
19457	4
1938	4
19227	4
18703	4
1859	4
1851	4
18357	4
1814	4
1807	4
1800	4
17911	4
1784	4
1778	4
1766	4
1757	4
17505	4
17421	4
1733	4
17295	4
1727	4
1714	4
1708	4
16998	4
16931	4
1687	4
1686	4
1680	4
1663	4
16593	4
1655	4
1654	4
1651	4
1647	4
1645	4
1623	4
16220	4
1622	4
16150	4
15959	4
1591	4
15898	4
1577	4
1566	4
1563	4
15594	4
1555	4
1547	4
15456	4
15433	4
1536	4
1527	4
15239	4
15116	4
15105	4
1510	4
1504	4
15026	4
15010	4
14965	4
1496	4
1488	4
14769	4
1464	4
1458	4
1454	4
14482	4
14404	4
1439	4
14333	4
1427	4
1423	4
1421	4
14141	4
1402	4
1401	4
1391	4
1384	4
13808	4
1380	4
137	4
13671	4
13594	4
1341	4
13371	4
13004	4
130	4
12817	4
12802	4
1278	4
1273	4
12617	4
1260	4
1247	4
12457	4
1238	4
1234	4
12331	4
12315	4
1230	4
1224	4
12169	4
12087	4
11978	4
1188	4
1183	4
1180	4
11773	4
11747	4
11717	4
11576	4
1156	4
1151	4
11397	4
1133	4
1131	4
1130	4
1118	4
11155	4
1114	4
11090	4
1107	4
11069	4
11053	4
1102	4
10977	4
10903	4
10792	4
1076	4
1074	4
10713	4
1071	4
10671	4
10669	4
10635	4
1059	4
1054	4
10509	4
10467	4
1045	4
10388	4
10366	4
1036	4
1035	4
10333	4
10279	4
1022	4
10205	4
10093	4
10078	4
10020	4
9991	3
9898	3
987	3
9835	3
9826	3
982	3
9779	3
971	3
9692	3
9683	3
966	3
9642	3
959	3
958	3
9515	3
951	3
9479	3
9403	3
9394	3
939	3
929	3
9259	3
9231	3
919	3
918	3
9162	3
9151	3
9140	3
9139	3
9126	3
9056	3
904	3
9038	3
9024	3
9023	3
9008	3
9007	3
9003	3
900	3
896	3
889	3
881	3
8769	3
875	3
8746	3
8742	3
8741	3
8695	3
863	3
862	3
8566	3
8525	3
8505	3
8504	3
849	3
8485	3
848	3
8449	3
8434	3
8408	3
837	3
831	3
8303	3
829	3
8276	3
826	3
8258	3
8250	3
8235	3
8227	3
822	3
821	3
819	3
8184	3
818	3
8166	3
8128	3
811	3
810	3
8096	3
809	3
808	3
807	3
8048	3
804	3
8035	3
8018	3
7961	3
7957	3
7955	3
7907	3
7890	3
788	3
7853	3
7837	3
7826	3
782	3
7758	3
7752	3
772	3
7686	3
7654	3
764	3
7593	3
759	3
7559	3
7537	3
7535	3
7529	3
7527	3
7513	3
7454	3
7451	3
7448	3
7403	3
734	3
7333	3
7317	3
7245	3
7243	3
7240	3
7232	3
7191	3
7174	3
7172	3
717	3
7168	3
7142	3
7129	3
712	3
711	3
710	3
7073	3
6995	3
6988	3
6982	3
6978	3
694	3
6918	3
6891	3
685	3
6831	3
6827	3
6787	3
6754	3
669	3
6669	3
6649	3
6632	3
6629	3
6569	3
6568	3
6549	3
654	3
6520	3
650	3
6474	3
6469	3
6429	3
6428	3
6421	3
6412	3
6358	3
6258	3
624	3
6231	3
6225	3
6223	3
622	3
621	3
617	3
6137	3
6122	3
6096	3
6072	3
6058	3
6020	3
600	3
599	3
594	3
5920	3
5909	3
5900	3
5884	3
585	3
5826	3
5802	3
5792	3
5770	3
5728	3
5697	3
5686	3
5671	3
5667	3
561	3
5607	3
5577	3
5567	3
555	3
5532	3
552	3
5496	3
5475	3
5466	3
5426	3
5407	3
5399	3
5394	3
5386	3
537	3
5343	3
5337	3
5325	3
5315	3
5302	3
5287	3
5281	3
528	3
5251	3
5236	3
5235	3
5210	3
5199	3
5185	3
5171	3
5169	3
5142	3
513	3
5128	3
5125	3
5112	3
511	3
5109	3
506	3
5056	3
5049	3
5045	3
5032	3
5031	3
5015	3
501	3
499	3
497	3
4969	3
4932	3
4894	3
4886	3
4885	3
4878	3
4869	3
4867	3
4847	3
4826	3
482	3
4802	3
476	3
4748	3
4740	3
4686	3
4660	3
4644	3
4642	3
4613	3
4603	3
459	3
4542	3
4539	3
4536	3
4526	3
4516	3
4497	3
4475	3
4470	3
4459	3
4438	3
4435	3
4432	3
4416	3
440	3
4397	3
4381	3
438	3
4358	3
4332	3
4317	3
4306	3
4268	3
4248	3
4243	3
4213	3
421	3
420	3
4188	3
4174	3
4164	3
4122	3
4116	3
4100	3
4093	3
4069	3
4066	3
4050	3
4005	3
397	3
3937	3
3915	3
391	3
3839	3
381	3
3808	3
3806	3
3792	3
3769	3
3766	3
3747	3
3745	3
3737	3
3736	3
3716	3
3693	3
3689	3
3672	3
367	3
3664	3
3654	3
3649	3
3648	3
3634	3
3633	3
3620	3
362	3
3607	3
3559	3
3553	3
355	3
3506	3
3495	3
3492	3
346	3
3437	3
3430	3
343	3
3424	3
341	3
3386	3
3372	3
3361	3
335	3
3311	3
3294	3
3253	3
3250	3
324	3
3234	3
3206	3
3187	3
3180	3
3179	3
3178	3
3162	3
3154	3
314	3
3096	3
3092	3
3069	3
3053	3
3000	3
2995	3
2971	3
2969	3
2966	3
296	3
2956	3
2945	3
2943	3
2935	3
2925	3
2893	3
2881	3
2864	3
2859	3
2853	3
2831	3
2820	3
2816	3
2783	3
276	3
272	3
2718	3
2709	3
2685	3
2679	3
2625	3
2601	3
258	3
2569	3
2567	3
2566	3
2555	3
2547	3
2545	3
2506	3
2503	3
2493	3
2486	3
2464	3
2442	3
2437	3
2436	3
2429	3
2418	3
2414	3
2405	3
23991	3
2397	3
23949	3
2394	3
2393	3
23868	3
2385	3
2377	3
2370	3
2361	3
23582	3
2356	3
23365	3
23280	3
23220	3
2319	3
23178	3
2317	3
23150	3
23079	3
23021	3
2300	3
2295	3
22944	3
2291	3
2265	3
2263	3
2259	3
2253	3
2243	3
22407	3
22344	3
2233	3
22283	3
2228	3
22267	3
2221	3
22208	3
22205	3
22092	3
22085	3
2207	3
22013	3
2200	3
220	3
2198	3
2194	3
2192	3
21807	3
21761	3
21712	3
21597	3
2154	3
21491	3
2140	3
21338	3
21253	3
2118	3
2107	3
21037	3
21025	3
20867	3
20845	3
2082	3
20812	3
2081	3
2074	3
2065	3
20634	3
2062	3
20600	3
2060	3
20513	3
2051	3
2041	3
20393	3
20378	3
20377	3
20373	3
20372	3
20344	3
20283	3
20224	3
2017	3
2011	3
20079	3
2007	3
20069	3
20046	3
20028	3
19978	3
1990	3
19880	3
1981	3
1980	3
1969	3
1954	3
19528	3
19504	3
19467	3
1941	3
19345	3
1928	3
1927	3
1923	3
19222	3
1913	3
1909	3
1908	3
19075	3
19074	3
1906	3
18943	3
1894	3
1892	3
18896	3
18865	3
188	3
18785	3
18783	3
18771	3
1874	3
18708	3
18677	3
1863	3
18565	3
18563	3
18425	3
18408	3
1835	3
18342	3
18318	3
18265	3
18212	3
1820	3
18167	3
18132	3
18014	3
17771	3
1775	3
17666	3
17651	3
17561	3
1752	3
17506	3
1744	3
17395	3
1734	3
17316	3
17268	3
17241	3
17139	3
1713	3
17046	3
1700	3
16951	3
16894	3
1689	3
16839	3
16800	3
16793	3
1675	3
16688	3
16659	3
1652	3
16465	3
16459	3
1642	3
1641	3
16397	3
16356	3
1635	3
16280	3
16242	3
16122	3
16102	3
16058	3
16036	3
15870	3
15649	3
15633	3
1548	3
15462	3
15396	3
1538	3
15314	3
15266	3
15261	3
1523	3
1514	3
1507	3
15027	3
14962	3
14960	3
14950	3
14949	3
14906	3
1487	3
14861	3
14838	3
1481	3
14800	3
14670	3
1447	3
14392	3
14358	3
14275	3
1420	3
1415	3
14139	3
14114	3
14098	3
1405	3
13962	3
13945	3
1393	3
13929	3
1392	3
1385	3
13842	3
1382	3
13804	3
13797	3
13781	3
13778	3
13774	3
1377	3
13750	3
1375	3
1370	3
13655	3
1363	3
1360	3
13571	3
1357	3
1356	3
13548	3
13515	3
1350	3
1347	3
1345	3
13425	3
1342	3
13404	3
13400	3
13399	3
13375	3
13345	3
1334	3
1327	3
13240	3
1324	3
13231	3
13169	3
13159	3
13151	3
13144	3
13138	3
1313	3
13050	3
13039	3
12997	3
1294	3
1288	3
1286	3
12837	3
1282	3
12690	3
1264	3
12608	3
1255	3
12531	3
12514	3
12475	3
12417	3
1235	3
12312	3
12307	3
1229	3
12210	3
1218	3
12177	3
12171	3
1217	3
1214	3
12117	3
1211	3
12045	3
1203	3
1199	3
11960	3
11944	3
1191	3
1189	3
11861	3
11849	3
11827	3
11802	3
11789	3
1168	3
11672	3
1160	3
1158	3
11527	3
1148	3
1142	3
11407	3
11375	3
11323	3
11252	3
11247	3
11194	3
11166	3
11119	3
11110	3
11101	3
11072	3
1106	3
11040	3
1104	3
11002	3
10994	3
10875	3
10844	3
10829	3
108	3
10796	3
10764	3
10699	3
10683	3
10673	3
10615	3
10598	3
10502	3
10500	3
1050	3
10464	3
10441	3
10422	3
10420	3
10336	3
1028	3
1024	3
10217	3
1018	3
10171	3
1017	3
10169	3
10168	3
10157	3
10090	3
1009	3
1008	3
10045	3
9983	2
998	2
9976	2
9926	2
9925	2
9924	2
991	2
9909	2
9897	2
989	2
9883	2
9876	2
9873	2
9862	2
9846	2
9843	2
9833	2
9810	2
980	2
9797	2
9763	2
9762	2
9756	2
9747	2
9715	2
9704	2
9703	2
9688	2
9685	2
9670	2
9659	2
9653	2
9649	2
964	2
9624	2
9623	2
9608	2
9593	2
9581	2
9545	2
953	2
9508	2
9506	2
9491	2
9490	2
9456	2
9455	2
9451	2
945	2
9445	2
9431	2
9426	2
9400	2
9395	2
9388	2
9377	2
9370	2
937	2
9349	2
9335	2
9307	2
9304	2
9298	2
9295	2
9287	2
9282	2
928	2
927	2
9236	2
9232	2
9226	2
9216	2
9207	2
9196	2
9188	2
9177	2
9164	2
9145	2
9138	2
9115	2
9114	2
9113	2
9107	2
9086	2
9067	2
9021	2
8983	2
898	2
8971	2
897	2
8955	2
894	2
8937	2
8932	2
8902	2
8900	2
888	2
8863	2
8843	2
884	2
8833	2
8802	2
8793	2
8768	2
8753	2
8749	2
8739	2
8732	2
8724	2
8719	2
871	2
8708	2
8702	2
8679	2
8676	2
8646	2
8641	2
8629	2
8624	2
8622	2
8616	2
8604	2
8588	2
8585	2
8574	2
8556	2
8551	2
8541	2
8540	2
854	2
8523	2
8499	2
847	2
8467	2
8462	2
8460	2
8454	2
8451	2
8450	2
8443	2
8431	2
8393	2
839	2
8376	2
8332	2
8326	2
8304	2
828	2
8268	2
8267	2
8217	2
8182	2
8180	2
8174	2
8130	2
8121	2
8087	2
8081	2
8079	2
8056	2
8032	2
8030	2
8008	2
7995	2
799	2
7974	2
797	2
7968	2
796	2
7958	2
795	2
7938	2
7922	2
7918	2
7915	2
790	2
7888	2
7864	2
7856	2
7848	2
7832	2
7831	2
7824	2
7822	2
7809	2
7793	2
7791	2
7790	2
7770	2
776	2
7727	2
771	2
7698	2
7693	2
7683	2
7664	2
7660	2
7632	2
7618	2
7612	2
7611	2
761	2
7597	2
7582	2
7571	2
7556	2
7555	2
7552	2
7540	2
7518	2
7500	2
7489	2
7485	2
7479	2
7478	2
7459	2
7445	2
7440	2
743	2
742	2
7417	2
7387	2
7383	2
7379	2
7364	2
7355	2
732	2
7319	2
7291	2
7268	2
7267	2
7264	2
7263	2
7241	2
7237	2
723	2
719	2
718	2
7166	2
7127	2
7114	2
7036	2
7035	2
7027	2
7024	2
7010	2
701	2
7001	2
7000	2
699	2
6989	2
6971	2
6969	2
6965	2
6953	2
6950	2
6944	2
6943	2
6941	2
6932	2
6926	2
6922	2
6912	2
6896	2
689	2
6873	2
6872	2
6866	2
6864	2
6852	2
6839	2
6834	2
6809	2
6803	2
6784	2
677	2
6761	2
6749	2
6732	2
6720	2
672	2
6717	2
6715	2
6712	2
6710	2
6700	2
6696	2
6679	2
6677	2
6662	2
6619	2
6604	2
6595	2
6582	2
6579	2
6570	2
6557	2
6548	2
6546	2
6541	2
6532	2
6528	2
6526	2
6518	2
6515	2
6487	2
6484	2
6481	2
6480	2
6470	2
6468	2
6464	2
6463	2
6446	2
6441	2
6439	2
6425	2
6423	2
6422	2
6408	2
6405	2
6404	2
640	2
6393	2
6390	2
6385	2
6378	2
6367	2
6365	2
636	2
6344	2
6338	2
6327	2
632	2
6307	2
6301	2
629	2
6276	2
6272	2
6270	2
6267	2
6263	2
6243	2
6238	2
6207	2
6188	2
6152	2
6149	2
6106	2
6086	2
6081	2
6071	2
6070	2
6066	2
6047	2
6042	2
6031	2
603	2
6018	2
6006	2
6000	2
5981	2
5980	2
5974	2
5969	2
5966	2
5957	2
5939	2
5924	2
5904	2
5894	2
5885	2
5876	2
5852	2
5844	2
5842	2
584	2
5819	2
5815	2
5799	2
5798	2
5793	2
5779	2
5765	2
5760	2
5748	2
5743	2
5741	2
5737	2
5736	2
5734	2
573	2
5714	2
5709	2
570	2
5675	2
5656	2
563	2
5606	2
5604	2
5602	2
5595	2
5592	2
5588	2
5584	2
5583	2
5552	2
5551	2
553	2
5529	2
5525	2
5524	2
551	2
5503	2
5498	2
5484	2
5474	2
5462	2
5457	2
5450	2
5448	2
5444	2
544	2
5432	2
5428	2
5419	2
5415	2
5412	2
5406	2
5402	2
5398	2
5385	2
5381	2
5374	2
5364	2
5359	2
5346	2
5330	2
5316	2
5314	2
5310	2
5307	2
5304	2
5301	2
53	2
5268	2
5265	2
5260	2
5259	2
5250	2
525	2
524	2
5237	2
5234	2
5209	2
5207	2
5186	2
5184	2
5174	2
5172	2
516	2
5156	2
5152	2
5144	2
5141	2
5131	2
5115	2
5111	2
5098	2
5082	2
5076	2
5072	2
5070	2
5069	2
5062	2
5059	2
5054	2
5042	2
5041	2
5020	2
4981	2
4979	2
4971	2
4907	2
4901	2
4900	2
4899	2
4898	2
4896	2
489	2
4883	2
4876	2
4862	2
4854	2
485	2
4849	2
4841	2
484	2
4834	2
4833	2
4817	2
4813	2
4808	2
4798	2
4796	2
4794	2
4787	2
4783	2
4782	2
478	2
4775	2
477	2
4764	2
4729	2
4727	2
4723	2
4722	2
4713	2
4711	2
4693	2
469	2
4680	2
4668	2
4667	2
4663	2
4658	2
465	2
4643	2
464	2
4636	2
4626	2
4625	2
4601	2
4591	2
4585	2
4581	2
4579	2
4578	2
457	2
4554	2
4550	2
4531	2
4522	2
4511	2
4504	2
4496	2
4462	2
4425	2
4415	2
441	2
4399	2
4387	2
4350	2
435	2
4320	2
430	2
4292	2
4269	2
4265	2
4264	2
426	2
4253	2
4249	2
4244	2
4225	2
4223	2
4220	2
422	2
4217	2
4208	2
4202	2
4200	2
4191	2
4189	2
4178	2
4176	2
4169	2
4161	2
4149	2
4148	2
4141	2
4119	2
4111	2
4106	2
4091	2
4087	2
4067	2
4061	2
4054	2
4051	2
4040	2
4036	2
4033	2
4024	2
4020	2
4019	2
3996	2
3990	2
3987	2
3986	2
3985	2
3980	2
3979	2
3961	2
3958	2
3941	2
3928	2
3925	2
3912	2
3907	2
3904	2
3900	2
3898	2
3891	2
3887	2
3885	2
3882	2
3876	2
3871	2
3867	2
3866	2
386	2
3847	2
3831	2
3823	2
3821	2
3799	2
3774	2
3770	2
3768	2
3756	2
3752	2
3751	2
3750	2
3742	2
374	2
3733	2
3703	2
3695	2
3692	2
3681	2
3680	2
3673	2
3660	2
3655	2
3641	2
3631	2
3621	2
3616	2
3609	2
360	2
3594	2
3586	2
3567	2
3558	2
3556	2
3555	2
3539	2
3515	2
3512	2
3483	2
3455	2
3451	2
3444	2
3432	2
3425	2
3415	2
3413	2
3394	2
3390	2
339	2
338	2
337	2
336	2
3358	2
3357	2
3345	2
3340	2
3339	2
333	2
3326	2
3319	2
3316	2
3313	2
3309	2
3304	2
3303	2
3285	2
3284	2
3267	2
3260	2
3257	2
3240	2
3221	2
3214	2
3193	2
319	2
3174	2
3169	2
3156	2
3150	2
3143	2
3142	2
3134	2
313	2
3129	2
3124	2
3123	2
3121	2
3115	2
3113	2
3108	2
3085	2
3078	2
3075	2
3070	2
3060	2
3057	2
3044	2
304	2
3038	2
3035	2
3025	2
3024	2
2998	2
2994	2
2992	2
2981	2
2976	2
2968	2
2951	2
2941	2
2933	2
2932	2
2930	2
2920	2
2916	2
2904	2
2899	2
2892	2
2884	2
2878	2
2875	2
2870	2
2847	2
2836	2
2832	2
2830	2
2825	2
2815	2
2811	2
2804	2
2802	2
2798	2
2790	2
2787	2
2785	2
2784	2
2780	2
2778	2
2773	2
2770	2
2764	2
2754	2
2752	2
2737	2
2729	2
2721	2
2707	2
2706	2
2705	2
2704	2
2701	2
2699	2
269	2
2681	2
2680	2
2671	2
2664	2
2659	2
2656	2
2655	2
2643	2
2630	2
2615	2
2610	2
2607	2
2598	2
2595	2
2590	2
2578	2
2565	2
2560	2
2556	2
2554	2
2553	2
254	2
2538	2
2532	2
2531	2
2509	2
2499	2
2491	2
249	2
2478	2
2475	2
2473	2
2472	2
2470	2
2469	2
2455	2
2454	2
2452	2
2451	2
2450	2
2435	2
2430	2
2427	2
2423	2
2419	2
2417	2
2408	2
23916	2
23907	2
2388	2
23871	2
23850	2
2382	2
23777	2
23705	2
2363	2
2360	2
23599	2
23594	2
23568	2
23545	2
23532	2
2348	2
23474	2
2338	2
23374	2
23329	2
2328	2
23259	2
23231	2
232	2
2316	2
23155	2
23154	2
23132	2
2312	2
2306	2
23045	2
23034	2
23012	2
2301	2
23006	2
2297	2
22968	2
2296	2
2293	2
22907	2
2287	2
2281	2
22795	2
22778	2
22774	2
22758	2
2275	2
22683	2
22678	2
2264	2
22627	2
2258	2
2257	2
2251	2
22501	2
22428	2
2238	2
2236	2
22352	2
22298	2
2229	2
22192	2
2218	2
22162	2
22155	2
2212	2
22067	2
22012	2
21996	2
21932	2
21911	2
21901	2
21898	2
21880	2
21862	2
21828	2
2182	2
21789	2
21738	2
21724	2
21692	2
2165	2
21584	2
21544	2
21512	2
2149	2
21477	2
21466	2
2146	2
2143	2
21426	2
21372	2
2131	2
2130	2
21280	2
21231	2
21186	2
21166	2
21132	2
2113	2
2112	2
2111	2
21006	2
21002	2
20982	2
2095	2
20921	2
2091	2
20866	2
20830	2
20828	2
20824	2
20806	2
20781	2
2073	2
2072	2
2071	2
20704	2
20692	2
2063	2
20620	2
20546	2
20526	2
20485	2
2048	2
2046	2
20459	2
2045	2
20437	2
20413	2
20398	2
20318	2
2030	2
203	2
20227	2
20219	2
2019	2
20139	2
20118	2
20112	2
20071	2
20020	2
2001	2
19988	2
1998	2
19979	2
1993	2
19893	2
1988	2
19878	2
19874	2
19863	2
1986	2
19813	2
19785	2
19773	2
19772	2
19762	2
19715	2
1966	2
19640	2
19594	2
1956	2
19558	2
19529	2
1952	2
19507	2
1949	2
19473	2
19468	2
19464	2
1945	2
19407	2
19402	2
19394	2
19385	2
1937	2
1936	2
1935	2
19327	2
1932	2
19308	2
19251	2
19244	2
1921	2
1918	2
19161	2
1916	2
19146	2
19145	2
19130	2
1912	2
19107	2
1910	2
19091	2
1907	2
1901	2
1900	2
18982	2
1895	2
18948	2
1890	2
18891	2
1889	2
1886	2
18830	2
18816	2
18756	2
1875	2
18742	2
18735	2
1870	2
18694	2
1868	2
18670	2
18629	2
18610	2
18609	2
18580	2
18564	2
18549	2
1853	2
18525	2
18453	2
1843	2
1840	2
18389	2
18349	2
18341	2
18335	2
18296	2
18288	2
18278	2
18223	2
18218	2
1821	2
18205	2
18202	2
18192	2
18174	2
18161	2
18134	2
18124	2
18053	2
18044	2
18027	2
1801	2
17955	2
17945	2
17919	2
17905	2
17903	2
17892	2
17870	2
1787	2
17848	2
17836	2
17815	2
1781	2
17802	2
17788	2
17783	2
17775	2
1776	2
17738	2
17734	2
17729	2
1772	2
17669	2
1763	2
17612	2
17610	2
1759	2
17548	2
1753	2
17514	2
1749	2
17489	2
1748	2
1743	2
17427	2
17411	2
17396	2
17391	2
1737	2
1732	2
17303	2
17297	2
1729	2
17263	2
17253	2
1723	2
1722	2
17178	2
1712	2
1710	2
17099	2
1705	2
16990	2
1696	2
1695	2
16940	2
1694	2
16926	2
16924	2
16912	2
1690	2
16882	2
16862	2
16845	2
1678	2
16773	2
16751	2
16702	2
1668	2
1666	2
1665	2
16619	2
1661	2
16607	2
16598	2
16589	2
1658	2
16499	2
16497	2
16493	2
16481	2
16408	2
1640	2
1636	2
16355	2
16321	2
1632	2
16313	2
16297	2
16288	2
16262	2
16244	2
16236	2
16226	2
16197	2
1619	2
16153	2
16152	2
16146	2
1612	2
16106	2
16090	2
1608	2
1607	2
16061	2
16045	2
1604	2
16027	2
15988	2
15985	2
15975	2
1593	2
15903	2
1589	2
15869	2
15849	2
15831	2
15814	2
1580	2
15794	2
15782	2
15779	2
15744	2
15710	2
15696	2
1569	2
1567	2
15666	2
15655	2
15645	2
15614	2
15612	2
15601	2
15590	2
1559	2
1558	2
15550	2
15544	2
1551	2
15484	2
15475	2
15451	2
15403	2
15402	2
15379	2
15367	2
15353	2
15341	2
15338	2
1533	2
15309	2
15303	2
15282	2
15260	2
15248	2
15188	2
15178	2
1517	2
1516	2
15157	2
15153	2
15152	2
15069	2
1506	2
15023	2
1502	2
1499	2
14942	2
1494	2
14915	2
14807	2
14777	2
1477	2
14766	2
1474	2
14722	2
14704	2
14669	2
14667	2
14644	2
1463	2
14616	2
14614	2
14567	2
14548	2
14547	2
14522	2
14513	2
14488	2
14473	2
1446	2
14454	2
14437	2
1440	2
14394	2
14371	2
1437	2
14356	2
14327	2
1432	2
14300	2
14291	2
14244	2
14175	2
14163	2
14153	2
1414	2
14115	2
1410	2
14039	2
1403	2
14017	2
14016	2
14008	2
1400	2
13994	2
1396	2
13952	2
139	2
13874	2
13870	2
1386	2
13833	2
13792	2
1378	2
13752	2
13735	2
13732	2
13730	2
1373	2
13715	2
13704	2
13695	2
1369	2
13662	2
13612	2
13590	2
13577	2
13559	2
13528	2
13483	2
1348	2
13462	2
13441	2
13406	2
1340	2
13394	2
13372	2
13352	2
13336	2
13324	2
13315	2
13303	2
13300	2
13276	2
13273	2
1326	2
13254	2
13237	2
13220	2
1321	2
13193	2
13182	2
13121	2
13102	2
13087	2
13074	2
1306	2
1305	2
13043	2
1304	2
13038	2
1303	2
1301	2
13001	2
12994	2
1298	2
1297	2
12941	2
12939	2
12930	2
1291	2
12908	2
12892	2
1289	2
12876	2
1287	2
12840	2
1283	2
1281	2
12797	2
12774	2
12717	2
12707	2
12679	2
12629	2
12601	2
12598	2
12595	2
1259	2
12585	2
12561	2
12555	2
12523	2
12505	2
12477	2
12474	2
12471	2
12463	2
12419	2
12384	2
1237	2
12348	2
12343	2
12333	2
12330	2
12319	2
12275	2
12268	2
1223	2
1221	2
12201	2
12195	2
12194	2
12192	2
12180	2
1216	2
12149	2
12128	2
12126	2
1210	2
12058	2
12052	2
12051	2
12034	2
12018	2
1201	2
11963	2
11957	2
11950	2
11909	2
11853	2
11839	2
1182	2
11806	2
11805	2
11801	2
1179	2
1178	2
11777	2
1177	2
11753	2
11740	2
11724	2
11713	2
11692	2
11686	2
11683	2
11679	2
11675	2
11656	2
11644	2
11634	2
11595	2
1159	2
11585	2
1157	2
11548	2
11531	2
11516	2
11503	2
11494	2
11467	2
11448	2
11434	2
11421	2
11409	2
11392	2
11385	2
11354	2
11336	2
11332	2
11314	2
11299	2
11293	2
1129	2
1127	2
11269	2
1125	2
11242	2
11214	2
11211	2
11159	2
11128	2
1111	2
11081	2
11076	2
11050	2
11049	2
11020	2
11014	2
1101	2
11007	2
10986	2
10980	2
10975	2
10974	2
10961	2
10959	2
10945	2
10915	2
1091	2
10894	2
10884	2
10873	2
10865	2
10828	2
10817	2
1081	2
10809	2
10798	2
10783	2
10771	2
1077	2
10728	2
10726	2
10682	2
10676	2
10650	2
10633	2
10606	2
10588	2
10580	2
1057	2
10558	2
10540	2
10497	2
10493	2
10474	2
10471	2
10470	2
10460	2
10446	2
10444	2
10443	2
1044	2
10419	2
1041	2
10408	2
10374	2
10371	2
10356	2
10355	2
1034	2
10330	2
1032	2
10298	2
10296	2
10273	2
10267	2
10256	2
10216	2
10215	2
10214	2
102	2
10186	2
10182	2
10163	2
10160	2
10135	2
10124	2
1011	2
10089	2
10081	2
10070	2
10025	2
1000	2
title_or_degree	1
9996	1
9995	1
9994	1
9985	1
9972	1
9966	1
9963	1
9952	1
9945	1
9944	1
9938	1
9930	1
9929	1
9920	1
9918	1
9912	1
9904	1
9903	1
9900	1
9896	1
9892	1
9885	1
9878	1
9864	1
9863	1
9858	1
9857	1
9854	1
9853	1
985	1
9849	1
9845	1
9844	1
9841	1
9840	1
9836	1
983	1
9827	1
9824	1
9820	1
981	1
9804	1
9794	1
9793	1
9788	1
9784	1
9780	1
9776	1
9771	1
9759	1
9753	1
9751	1
9749	1
9741	1
9739	1
9736	1
9735	1
973	1
9729	1
9723	1
9719	1
9716	1
9702	1
9701	1
9695	1
9693	1
9690	1
9674	1
9673	1
9651	1
9646	1
9639	1
9635	1
9631	1
9627	1
9626	1
9621	1
9619	1
9606	1
9602	1
9601	1
9598	1
9588	1
9582	1
9580	1
9579	1
9577	1
9573	1
9567	1
9563	1
9562	1
9551	1
9550	1
955	1
9544	1
9542	1
9540	1
9532	1
9529	1
9526	1
9512	1
9502	1
9492	1
9487	1
9472	1
9471	1
947	1
9468	1
9466	1
9447	1
9446	1
9440	1
9439	1
9438	1
9427	1
9423	1
9419	1
9414	1
9402	1
9392	1
9386	1
9382	1
9355	1
935	1
9345	1
9340	1
934	1
933	1
9324	1
9316	1
9315	1
9306	1
9305	1
9297	1
9296	1
9294	1
9289	1
9280	1
9279	1
9278	1
9272	1
9271	1
9270	1
9269	1
9249	1
9244	1
9234	1
9228	1
9221	1
922	1
9217	1
9208	1
9203	1
9199	1
9194	1
9191	1
9189	1
9187	1
9186	1
9184	1
9163	1
9150	1
9136	1
9133	1
9123	1
9116	1
9110	1
9102	1
9099	1
9097	1
9094	1
9092	1
9088	1
9078	1
9075	1
9059	1
9058	1
9053	1
9048	1
9046	1
9040	1
9037	1
9032	1
9028	1
9013	1
9011	1
9002	1
8993	1
8990	1
8988	1
8974	1
8973	1
8970	1
8969	1
8968	1
8954	1
8950	1
8947	1
8943	1
8940	1
8933	1
8924	1
8923	1
892	1
8919	1
8915	1
891	1
8905	1
8903	1
8901	1
8893	1
8892	1
8876	1
8875	1
8872	1
8869	1
8868	1
8865	1
8864	1
886	1
8857	1
8842	1
8840	1
8830	1
883	1
8827	1
8826	1
8824	1
882	1
8809	1
8800	1
880	1
8799	1
8798	1
8796	1
8784	1
8779	1
8773	1
8766	1
8747	1
8737	1
8733	1
872	1
8718	1
8717	1
8711	1
8710	1
8709	1
8704	1
870	1
8697	1
8694	1
8693	1
8692	1
8686	1
8685	1
8675	1
8674	1
867	1
8669	1
8667	1
8659	1
8656	1
865	1
8649	1
8648	1
8636	1
8627	1
8620	1
8611	1
8609	1
8603	1
8601	1
8595	1
8592	1
859	1
8584	1
8570	1
8560	1
8555	1
8552	1
8549	1
8537	1
8534	1
8531	1
853	1
8529	1
8524	1
8522	1
8517	1
8512	1
851	1
8508	1
8506	1
8502	1
8496	1
8490	1
8481	1
8478	1
8466	1
8463	1
846	1
8457	1
8446	1
8441	1
844	1
8422	1
8420	1
8417	1
8411	1
8409	1
8398	1
8397	1
8396	1
8392	1
8390	1
8388	1
8380	1
8372	1
8369	1
8367	1
8363	1
8346	1
8344	1
8343	1
8336	1
8333	1
8320	1
832	1
8319	1
8317	1
8314	1
8305	1
8301	1
8299	1
8298	1
8295	1
8289	1
8288	1
8283	1
8274	1
8273	1
8272	1
8270	1
827	1
8262	1
8255	1
8252	1
8247	1
8245	1
8225	1
8223	1
8213	1
8206	1
8205	1
820	1
8199	1
8198	1
8191	1
8189	1
8185	1
8183	1
8176	1
8163	1
8160	1
816	1
8157	1
8153	1
8149	1
8139	1
8137	1
8135	1
8132	1
8127	1
8122	1
8111	1
8108	1
8106	1
8101	1
8100	1
8097	1
8092	1
8088	1
8086	1
8072	1
8070	1
8067	1
8063	1
8060	1
806	1
8058	1
8046	1
8038	1
8034	1
803	1
8028	1
8025	1
8016	1
8015	1
800	1
7994	1
7987	1
7983	1
7979	1
7975	1
7972	1
7970	1
7966	1
7964	1
7960	1
7954	1
794	1
7937	1
7935	1
7932	1
7921	1
792	1
7916	1
7910	1
791	1
7906	1
7904	1
7902	1
7901	1
7900	1
7891	1
789	1
7887	1
7877	1
7868	1
7867	1
7858	1
7857	1
7850	1
7846	1
784	1
7834	1
7821	1
7817	1
7816	1
7814	1
7802	1
7800	1
7798	1
7797	1
7796	1
7794	1
7792	1
779	1
7787	1
7784	1
7776	1
7772	1
7769	1
7768	1
7763	1
7756	1
775	1
7747	1
7741	1
774	1
7724	1
7713	1
7695	1
7690	1
7687	1
7684	1
7682	1
768	1
7678	1
7665	1
7661	1
7658	1
7645	1
7639	1
7634	1
7631	1
7628	1
7620	1
7609	1
7598	1
7590	1
7585	1
7584	1
7581	1
7574	1
7566	1
7553	1
7549	1
7547	1
7546	1
7543	1
754	1
7538	1
7536	1
7534	1
7531	1
7525	1
7515	1
7506	1
7503	1
7499	1
7496	1
7492	1
748	1
7476	1
7473	1
7471	1
7470	1
7460	1
746	1
7455	1
7449	1
7441	1
744	1
7439	1
7435	1
7433	1
7428	1
7426	1
7423	1
7421	1
7414	1
7411	1
7408	1
7398	1
7395	1
739	1
7389	1
7382	1
7381	1
7377	1
7370	1
737	1
7369	1
7368	1
7367	1
7366	1
7353	1
7351	1
7350	1
7348	1
7344	1
7343	1
7340	1
7338	1
7336	1
7324	1
7318	1
7309	1
7305	1
7303	1
7293	1
7289	1
7285	1
7284	1
7279	1
7278	1
7272	1
7270	1
7260	1
7254	1
725	1
7244	1
7239	1
7238	1
7234	1
7227	1
7221	1
7217	1
7216	1
7214	1
7195	1
7189	1
7185	1
7182	1
7181	1
7177	1
7175	1
7170	1
7161	1
7153	1
7151	1
7146	1
714	1
7131	1
713	1
7125	1
7122	1
7119	1
7117	1
7112	1
7111	1
7109	1
7102	1
7097	1
709	1
7089	1
7054	1
7053	1
7050	1
7047	1
7041	1
704	1
7032	1
7030	1
7029	1
7026	1
7022	1
7020	1
7019	1
7011	1
7007	1
7004	1
6991	1
6975	1
6974	1
6958	1
6954	1
6945	1
6942	1
6939	1
6938	1
6933	1
6929	1
692	1
6910	1
6908	1
6900	1
6890	1
6888	1
6882	1
6863	1
6861	1
686	1
6858	1
6856	1
6855	1
6847	1
6846	1
683	1
6821	1
6814	1
6790	1
6785	1
678	1
6777	1
6767	1
6764	1
6763	1
6758	1
6757	1
6756	1
6753	1
6747	1
6742	1
6741	1
674	1
6736	1
6725	1
6723	1
6722	1
6719	1
6709	1
6705	1
670	1
6684	1
668	1
6676	1
6674	1
6673	1
6668	1
6665	1
6664	1
6663	1
666	1
6659	1
6657	1
6642	1
664	1
6637	1
6634	1
6628	1
6615	1
6614	1
6613	1
6612	1
6608	1
6607	1
6605	1
6601	1
6600	1
6599	1
6594	1
6588	1
6585	1
658	1
6576	1
6573	1
6566	1
6564	1
6559	1
6556	1
6550	1
6539	1
6536	1
6529	1
6522	1
6521	1
6514	1
6513	1
6512	1
6508	1
6506	1
6502	1
6501	1
6496	1
6494	1
6493	1
649	1
6489	1
6488	1
648	1
6477	1
6471	1
6465	1
6448	1
6445	1
644	1
6435	1
6433	1
6426	1
6420	1
6418	1
6417	1
6413	1
6400	1
6397	1
6396	1
6388	1
6384	1
6382	1
6368	1
6364	1
6357	1
6354	1
6350	1
634	1
6333	1
6331	1
6330	1
6324	1
6320	1
6317	1
6311	1
6306	1
6304	1
6302	1
6300	1
6295	1
6293	1
6292	1
6290	1
6289	1
6287	1
6278	1
6271	1
6268	1
6266	1
6265	1
6259	1
6251	1
6244	1
6224	1
6221	1
6220	1
6219	1
6218	1
6214	1
6210	1
6205	1
6204	1
6196	1
6194	1
6190	1
6189	1
6187	1
6183	1
6173	1
6172	1
6171	1
6162	1
6158	1
6156	1
6155	1
6151	1
6145	1
6143	1
6142	1
6141	1
6127	1
6125	1
612	1
6118	1
6111	1
6110	1
6107	1
6104	1
6101	1
6097	1
6093	1
6092	1
6080	1
6075	1
6074	1
6073	1
6067	1
6062	1
606	1
6057	1
6055	1
6054	1
6050	1
6048	1
6045	1
6041	1
6032	1
6027	1
6022	1
6021	1
6015	1
6014	1
6010	1
6008	1
6005	1
6002	1
5995	1
5988	1
5986	1
5979	1
5976	1
5975	1
5972	1
5970	1
5967	1
5963	1
5959	1
5954	1
5953	1
5937	1
5936	1
5930	1
5928	1
5927	1
5926	1
5916	1
5915	1
5899	1
5895	1
5892	1
5878	1
5874	1
5872	1
5869	1
5866	1
5864	1
586	1
5857	1
5853	1
5850	1
5848	1
5846	1
5839	1
5835	1
5830	1
5824	1
5822	1
582	1
5817	1
5808	1
5795	1
5787	1
5781	1
5780	1
5769	1
5766	1
5763	1
5758	1
5755	1
5751	1
5750	1
575	1
5738	1
5729	1
5727	1
5720	1
5719	1
5707	1
5704	1
5702	1
5683	1
5670	1
5668	1
5666	1
5662	1
5661	1
5652	1
5646	1
5645	1
5642	1
5636	1
5635	1
5634	1
5633	1
5629	1
5628	1
5623	1
5622	1
5618	1
5617	1
5601	1
56	1
5597	1
5594	1
5593	1
5591	1
5587	1
5580	1
5571	1
5564	1
5562	1
5561	1
5559	1
5558	1
5553	1
5550	1
5548	1
5546	1
5541	1
5540	1
5534	1
5531	1
5528	1
5522	1
5521	1
5515	1
5510	1
5500	1
5497	1
5485	1
5471	1
5470	1
547	1
5461	1
5451	1
5446	1
5443	1
5441	1
5434	1
5433	1
5431	1
543	1
5422	1
542	1
5414	1
5403	1
5395	1
5393	1
5391	1
5390	1
5389	1
5372	1
5368	1
5365	1
5354	1
5345	1
5338	1
5336	1
5335	1
5329	1
5327	1
5324	1
5321	1
5306	1
5305	1
5303	1
5294	1
5293	1
5292	1
5288	1
5285	1
5283	1
5279	1
5278	1
5275	1
5269	1
5262	1
5258	1
5255	1
5253	1
5252	1
5246	1
5243	1
5238	1
5227	1
5226	1
5221	1
5215	1
5205	1
5203	1
5201	1
5198	1
5190	1
5183	1
518	1
5178	1
5177	1
5175	1
517	1
5167	1
5165	1
5164	1
5162	1
5161	1
5159	1
5154	1
5150	1
5145	1
5143	1
5137	1
5135	1
5134	1
512	1
5118	1
5116	1
5107	1
5106	1
5104	1
5100	1
5096	1
5086	1
5085	1
5084	1
5083	1
5080	1
5065	1
5060	1
5057	1
5051	1
5048	1
5047	1
5043	1
5040	1
5039	1
5038	1
5029	1
5027	1
5026	1
5023	1
5022	1
502	1
5017	1
5013	1
5011	1
5008	1
4999	1
4998	1
4986	1
4963	1
4962	1
4959	1
4956	1
4949	1
4948	1
4947	1
4946	1
4944	1
4940	1
4935	1
4930	1
4929	1
4926	1
4911	1
4905	1
4887	1
4879	1
487	1
4865	1
4860	1
4853	1
4846	1
4845	1
4842	1
4840	1
4839	1
4837	1
4836	1
4828	1
4822	1
4819	1
4818	1
4814	1
4807	1
4800	1
4795	1
4793	1
4790	1
479	1
4777	1
4771	1
4768	1
4766	1
4762	1
4751	1
475	1
4746	1
4741	1
474	1
4735	1
4734	1
4732	1
4731	1
4728	1
4724	1
4720	1
4719	1
4718	1
4717	1
4714	1
4712	1
4710	1
4709	1
4708	1
4704	1
470	1
4694	1
4692	1
4690	1
4682	1
4678	1
4676	1
4673	1
4659	1
4656	1
4654	1
4648	1
4647	1
4640	1
4631	1
462	1
4614	1
4611	1
4607	1
4606	1
4605	1
4592	1
4587	1
4586	1
4584	1
4582	1
458	1
4574	1
4573	1
4572	1
4569	1
4565	1
4560	1
4559	1
4556	1
4553	1
4551	1
4549	1
4544	1
454	1
4533	1
4530	1
4529	1
4527	1
452	1
4515	1
4514	1
4512	1
4510	1
4509	1
4508	1
4503	1
4502	1
4500	1
4498	1
4492	1
4486	1
4479	1
4474	1
4469	1
4464	1
4463	1
4455	1
4451	1
4448	1
4443	1
4442	1
4428	1
4424	1
4423	1
4414	1
4411	1
4409	1
4404	1
4401	1
439	1
4389	1
4379	1
4375	1
4369	1
4366	1
4359	1
4348	1
4342	1
4341	1
4338	1
4337	1
4335	1
4331	1
4328	1
4326	1
4321	1
4312	1
4300	1
4299	1
4293	1
4286	1
4285	1
428	1
4279	1
4278	1
4275	1
4273	1
4271	1
4261	1
4259	1
4256	1
4252	1
4240	1
4239	1
4238	1
4235	1
4234	1
4233	1
4232	1
4227	1
4226	1
4224	1
4222	1
4216	1
4215	1
4211	1
4207	1
4205	1
4204	1
4195	1
4184	1
4173	1
4166	1
4165	1
4154	1
4150	1
4147	1
4146	1
4144	1
4140	1
4133	1
4130	1
4129	1
4128	1
4127	1
4115	1
4112	1
4104	1
4102	1
4099	1
4097	1
4089	1
4086	1
4076	1
4072	1
4070	1
4063	1
4059	1
4057	1
4053	1
4049	1
4046	1
4044	1
4041	1
4032	1
4029	1
4023	1
4016	1
4010	1
4009	1
4000	1
3998	1
3994	1
3992	1
3991	1
3982	1
3974	1
3972	1
3967	1
3962	1
396	1
3959	1
3957	1
3955	1
3953	1
3952	1
3945	1
3944	1
3943	1
3936	1
3935	1
3934	1
3933	1
3930	1
3929	1
3927	1
3924	1
3922	1
3920	1
3914	1
3906	1
3903	1
3899	1
3897	1
3890	1
389	1
3888	1
3886	1
3884	1
3880	1
3879	1
3874	1
3873	1
3872	1
3869	1
3868	1
3864	1
3859	1
3858	1
3857	1
3854	1
3849	1
3845	1
3842	1
3832	1
3827	1
3822	1
3817	1
3812	1
3811	1
3809	1
3802	1
3797	1
3791	1
3790	1
3787	1
3786	1
3784	1
3776	1
3764	1
3762	1
3761	1
3758	1
3753	1
3743	1
3739	1
3731	1
3730	1
3729	1
3727	1
3720	1
3718	1
3714	1
3702	1
3691	1
3690	1
3684	1
3682	1
3676	1
3663	1
3661	1
3659	1
3658	1
3650	1
3630	1
3629	1
3623	1
3615	1
3604	1
3600	1
3599	1
3597	1
3591	1
3590	1
359	1
3588	1
3587	1
3579	1
3574	1
3573	1
3572	1
3570	1
3563	1
356	1
3557	1
3554	1
3549	1
3546	1
3543	1
3540	1
3530	1
353	1
3528	1
3520	1
3517	1
3510	1
3508	1
3504	1
3503	1
3496	1
3494	1
3490	1
3488	1
3487	1
3481	1
3480	1
3479	1
3478	1
3477	1
3473	1
3471	1
3462	1
3461	1
3459	1
3457	1
3453	1
3452	1
3450	1
3446	1
3440	1
3439	1
3431	1
3428	1
3422	1
3419	1
3418	1
3416	1
3412	1
3407	1
3406	1
3402	1
3397	1
3396	1
3395	1
3393	1
3392	1
3389	1
3388	1
3381	1
3380	1
3379	1
3368	1
3367	1
3365	1
3355	1
3350	1
3349	1
3343	1
3342	1
3337	1
3332	1
3328	1
3325	1
3317	1
3315	1
3314	1
3306	1
3302	1
330	1
3297	1
3296	1
3290	1
3280	1
3277	1
3272	1
3271	1
3269	1
3268	1
3263	1
3259	1
3252	1
3249	1
3247	1
3245	1
3241	1
3238	1
323	1
3229	1
3222	1
3219	1
3217	1
3216	1
3215	1
3211	1
3210	1
3208	1
3203	1
3202	1
3200	1
3199	1
3198	1
3197	1
3195	1
3194	1
3190	1
3186	1
3175	1
3173	1
3168	1
3167	1
3164	1
3160	1
3158	1
3157	1
3155	1
3152	1
3145	1
3140	1
3137	1
3132	1
3116	1
3111	1
3110	1
3109	1
3103	1
3102	1
3095	1
3089	1
3088	1
3083	1
3077	1
3061	1
3059	1
3058	1
3054	1
3050	1
3049	1
3042	1
3041	1
3027	1
3023	1
3022	1
3020	1
3012	1
3011	1
3008	1
3007	1
3003	1
3002	1
3001	1
2997	1
2993	1
2991	1
2990	1
299	1
2989	1
2986	1
2985	1
2980	1
2978	1
2972	1
2970	1
2967	1
2965	1
2962	1
2958	1
2953	1
2950	1
2949	1
2944	1
2940	1
2939	1
2923	1
2910	1
2907	1
2905	1
2902	1
2901	1
2897	1
2894	1
2891	1
2889	1
2882	1
2876	1
2874	1
2869	1
2865	1
2863	1
2860	1
2858	1
2857	1
2856	1
2852	1
2850	1
2846	1
2842	1
2841	1
2835	1
2818	1
2810	1
2808	1
2806	1
2800	1
2797	1
2788	1
2777	1
2776	1
2774	1
2767	1
2762	1
2758	1
2757	1
2753	1
2751	1
2750	1
2748	1
2742	1
2741	1
2740	1
2738	1
2727	1
2720	1
2716	1
2712	1
2700	1
2698	1
2694	1
2693	1
2692	1
2690	1
2682	1
2676	1
2670	1
2667	1
2665	1
2663	1
2661	1
2660	1
2653	1
2650	1
2647	1
2644	1
2641	1
2638	1
2635	1
2634	1
2633	1
2632	1
2631	1
2628	1
2626	1
2624	1
2621	1
2614	1
2611	1
2605	1
2591	1
2588	1
2586	1
2583	1
2580	1
2579	1
2573	1
2571	1
2568	1
2563	1
2562	1
2561	1
2537	1
2535	1
2524	1
2521	1
2520	1
2514	1
2512	1
2505	1
2502	1
2501	1
2490	1
2489	1
2487	1
2485	1
2482	1
2474	1
2461	1
2445	1
2444	1
244	1
2426	1
2425	1
2424	1
2416	1
2404	1
2403	1
2401	1
23996	1
23992	1
23988	1
23969	1
23962	1
23952	1
23925	1
2392	1
2391	1
23880	1
23879	1
23864	1
2386	1
23851	1
23843	1
23841	1
23840	1
23818	1
23815	1
23814	1
2381	1
23805	1
23788	1
2378	1
23774	1
23773	1
23772	1
23768	1
23764	1
23759	1
23736	1
2373	1
23707	1
23682	1
23681	1
23678	1
2367	1
23621	1
2362	1
23618	1
23611	1
23605	1
23601	1
2359	1
23575	1
23564	1
23557	1
23556	1
23552	1
2353	1
23517	1
23511	1
23507	1
23505	1
23481	1
2347	1
23468	1
2346	1
23449	1
2344	1
23435	1
23434	1
23431	1
2342	1
2341	1
23302	1
23267	1
23260	1
2325	1
2324	1
23232	1
23226	1
23223	1
2322	1
23216	1
2321	1
2320	1
23193	1
23192	1
23168	1
23167	1
23159	1
23148	1
2314	1
23117	1
23114	1
23112	1
23106	1
23105	1
23102	1
2310	1
2308	1
2307	1
23046	1
2304	1
2303	1
23028	1
23026	1
23016	1
22973	1
22969	1
2294	1
2292	1
22918	1
22902	1
2290	1
22897	1
2289	1
22885	1
22873	1
22871	1
22867	1
22862	1
2285	1
22806	1
22804	1
22789	1
22781	1
2278	1
22768	1
22743	1
2274	1
22736	1
22735	1
22733	1
2273	1
2272	1
22710	1
22703	1
22698	1
22691	1
2267	1
22662	1
22636	1
22634	1
22628	1
22621	1
22609	1
22605	1
22604	1
22585	1
22580	1
22566	1
2256	1
22551	1
22546	1
22544	1
22533	1
22525	1
22489	1
22477	1
22475	1
22472	1
22466	1
22445	1
2244	1
2242	1
22415	1
2241	1
22397	1
22396	1
22384	1
22383	1
2237	1
22367	1
22355	1
22350	1
2235	1
22333	1
22331	1
22317	1
22300	1
22292	1
22272	1
2227	1
22266	1
22257	1
22254	1
2225	1
22246	1
2224	1
22239	1
22233	1
22231	1
2223	1
22228	1
2222	1
22203	1
2220	1
2217	1
22161	1
22160	1
2216	1
22153	1
22139	1
22131	1
2213	1
22111	1
22108	1
2210	1
22098	1
22086	1
22076	1
22068	1
22056	1
2205	1
22048	1
22038	1
22037	1
22036	1
22034	1
2203	1
22028	1
22026	1
2202	1
22015	1
22004	1
21999	1
21988	1
21981	1
21972	1
21956	1
21951	1
2195	1
21943	1
21922	1
21917	1
21903	1
21894	1
21893	1
21882	1
2188	1
21872	1
21866	1
21855	1
21844	1
21843	1
21841	1
21838	1
21830	1
21805	1
21802	1
21799	1
21797	1
21793	1
21778	1
21771	1
21770	1
21766	1
21758	1
21747	1
21740	1
2174	1
21721	1
2172	1
21719	1
2170	1
21690	1
2169	1
21688	1
21687	1
2168	1
21675	1
21671	1
21665	1
2166	1
21656	1
21652	1
21650	1
21641	1
21635	1
21632	1
21628	1
21621	1
21620	1
2160	1
21590	1
2159	1
21581	1
21576	1
21565	1
21563	1
2156	1
21542	1
21522	1
21473	1
21464	1
21455	1
21450	1
21440	1
2142	1
21412	1
21409	1
21402	1
21389	1
21380	1
2138	1
21316	1
21309	1
21296	1
21275	1
21266	1
21264	1
2126	1
21255	1
21234	1
21228	1
21221	1
21217	1
21215	1
21214	1
2121	1
2120	1
21178	1
2117	1
21142	1
2114	1
21136	1
21112	1
21111	1
21104	1
21101	1
2110	1
21099	1
21098	1
21094	1
21084	1
21080	1
2108	1
21073	1
21063	1
21060	1
21059	1
21053	1
21051	1
21049	1
21047	1
2102	1
21018	1
21012	1
21011	1
2098	1
20979	1
20972	1
2096	1
20950	1
2094	1
20926	1
20919	1
20918	1
20914	1
20910	1
20902	1
20886	1
2087	1
20863	1
20855	1
20854	1
20850	1
20848	1
20847	1
20839	1
20832	1
2083	1
20826	1
20818	1
20809	1
2079	1
20785	1
2078	1
20777	1
20776	1
20775	1
20773	1
2077	1
20768	1
20753	1
2075	1
20749	1
20723	1
20708	1
2069	1
20689	1
20686	1
2067	1
20656	1
20648	1
20644	1
20642	1
2064	1
20632	1
20631	1
20615	1
20613	1
20589	1
2058	1
20574	1
20567	1
20564	1
20563	1
20559	1
2055	1
20520	1
2052	1
20505	1
20500	1
2050	1
20497	1
20492	1
2049	1
20487	1
20473	1
2047	1
20444	1
20435	1
20434	1
2042	1
20414	1
20401	1
20391	1
20390	1
20385	1
20383	1
20381	1
20376	1
2035	1
20342	1
2034	1
20331	1
20314	1
20313	1
2031	1
20299	1
20293	1
20290	1
20289	1
20271	1
20270	1
20267	1
20263	1
20247	1
20243	1
2024	1
20233	1
20230	1
20215	1
20211	1
20210	1
20208	1
20206	1
20205	1
20202	1
20200	1
20199	1
20186	1
20181	1
20160	1
2016	1
20151	1
2012	1
20110	1
20103	1
20099	1
20096	1
20093	1
20083	1
20061	1
2006	1
20039	1
20026	1
2002	1
20004	1
2000	1
19991	1
19990	1
19986	1
19980	1
19973	1
1997	1
19965	1
19962	1
19960	1
19937	1
19925	1
19916	1
19914	1
1991	1
19906	1
19896	1
19887	1
19873	1
19868	1
19859	1
1985	1
19845	1
19841	1
1983	1
19817	1
19812	1
19793	1
1978	1
19778	1
19771	1
19770	1
19753	1
19746	1
19735	1
1973	1
19729	1
19719	1
19717	1
19712	1
19704	1
19703	1
19701	1
19692	1
19674	1
19659	1
19654	1
19651	1
1965	1
19643	1
1964	1
19638	1
19627	1
1962	1
19614	1
1961	1
19605	1
19604	1
19600	1
19577	1
1957	1
19565	1
19552	1
19539	1
19533	1
1953	1
19516	1
1951	1
19498	1
19490	1
19483	1
19476	1
19475	1
19470	1
19430	1
19429	1
19421	1
19418	1
19412	1
19403	1
19401	1
19400	1
19395	1
19393	1
19391	1
19389	1
19388	1
19378	1
19375	1
19366	1
19365	1
19363	1
19357	1
19356	1
19353	1
19350	1
19329	1
19322	1
19310	1
1929	1
19289	1
19284	1
19281	1
19278	1
19277	1
19268	1
19260	1
19259	1
19258	1
19257	1
1925	1
19248	1
19245	1
1924	1
19239	1
19238	1
19237	1
19235	1
19228	1
19219	1
19211	1
1920	1
19197	1
19196	1
19193	1
19192	1
1919	1
19185	1
19182	1
19181	1
19158	1
1915	1
19149	1
19129	1
19126	1
19125	1
19124	1
19118	1
19097	1
19081	1
19077	1
19068	1
19058	1
19056	1
19048	1
19036	1
19012	1
19000	1
18994	1
18989	1
18979	1
1897	1
18965	1
18964	1
1896	1
18959	1
18952	1
18951	1
18947	1
18946	1
18931	1
18913	1
18912	1
18908	1
18902	1
18892	1
18886	1
1888	1
18871	1
18838	1
1883	1
18828	1
18825	1
18822	1
1882	1
18813	1
18809	1
18807	1
18802	1
1880	1
18795	1
18788	1
18787	1
18777	1
18772	1
1877	1
18761	1
18753	1
18740	1
18738	1
18734	1
18722	1
18719	1
18711	1
1871	1
18693	1
18682	1
18672	1
1866	1
1865	1
1864	1
18638	1
18634	1
18623	1
18607	1
18604	1
18603	1
18602	1
18594	1
1858	1
18576	1
18570	1
1857	1
1856	1
18558	1
1855	1
18546	1
18544	1
1854	1
18521	1
1852	1
18519	1
18507	1
1850	1
18480	1
18478	1
18469	1
18457	1
18455	1
18428	1
1842	1
18419	1
18401	1
18386	1
18372	1
18370	1
18365	1
1836	1
18355	1
18347	1
1834	1
1833	1
1832	1
18302	1
1830	1
18295	1
18292	1
18281	1
1828	1
18276	1
18273	1
18263	1
1826	1
18258	1
18246	1
18245	1
1823	1
18228	1
18177	1
18173	1
18171	1
18168	1
18157	1
18151	1
18149	1
18138	1
18136	1
18126	1
18108	1
18105	1
18093	1
18069	1
18067	1
18046	1
18019	1
18006	1
18000	1
17989	1
1796	1
17951	1
17950	1
17943	1
17940	1
1794	1
17934	1
17933	1
17916	1
1791	1
17898	1
17893	1
17885	1
17882	1
17864	1
17861	1
1786	1
17856	1
17844	1
17818	1
17816	1
17801	1
1780	1
17796	1
17766	1
17747	1
17744	1
1773	1
17726	1
17724	1
17718	1
17715	1
17696	1
17692	1
17686	1
17677	1
17674	1
17671	1
1767	1
17663	1
17658	1
17645	1
17637	1
17627	1
17618	1
17607	1
17599	1
17598	1
17588	1
17580	1
17572	1
17570	1
17565	1
1756	1
17556	1
17546	1
17533	1
17525	1
17519	1
17515	1
1751	1
17502	1
17490	1
17488	1
17481	1
17466	1
17455	1
17453	1
1745	1
17449	1
17439	1
17438	1
17437	1
17434	1
17431	1
17425	1
17405	1
17399	1
17389	1
17386	1
17383	1
17379	1
17364	1
1736	1
17358	1
17343	1
17335	1
17322	1
17312	1
17308	1
1730	1
17296	1
17291	1
17286	1
17285	1
1728	1
17260	1
17259	1
17256	1
17255	1
17246	1
17244	1
1724	1
17237	1
17225	1
17221	1
17218	1
17215	1
17214	1
17204	1
17176	1
1715	1
17147	1
17123	1
17114	1
17111	1
17110	1
17107	1
17092	1
17087	1
17083	1
17080	1
17076	1
17072	1
1706	1
17051	1
17043	1
1703	1
1702	1
17010	1
17005	1
16995	1
16992	1
1699	1
16988	1
1698	1
16978	1
16971	1
16957	1
16956	1
16950	1
16939	1
16932	1
1693	1
1692	1
16904	1
16903	1
16890	1
16881	1
16879	1
16875	1
16850	1
16838	1
16835	1
16832	1
16825	1
16810	1
16805	1
16801	1
16799	1
16797	1
16784	1
16780	1
16763	1
16762	1
16738	1
16733	1
16718	1
16707	1
16706	1
16690	1
16682	1
16681	1
16679	1
16677	1
16676	1
16675	1
16674	1
16673	1
16669	1
16654	1
16637	1
16634	1
16625	1
16603	1
1659	1
16588	1
16584	1
16570	1
1657	1
16568	1
16563	1
16561	1
16559	1
16557	1
16550	1
16546	1
16541	1
16512	1
16510	1
16501	1
1650	1
16496	1
16494	1
1649	1
16487	1
1648	1
16475	1
16471	1
16462	1
16457	1
16455	1
16452	1
16449	1
16445	1
16444	1
16436	1
1643	1
16421	1
16409	1
16403	1
16402	1
16396	1
16389	1
1638	1
16379	1
16376	1
16372	1
1637	1
16358	1
16333	1
16327	1
16326	1
16323	1
16312	1
1631	1
16300	1
16298	1
16290	1
1629	1
16275	1
16259	1
16253	1
1625	1
16225	1
16217	1
16215	1
16214	1
1621	1
16195	1
16194	1
16186	1
16182	1
16178	1
16154	1
1615	1
16145	1
16133	1
16125	1
16115	1
16110	1
1611	1
16105	1
16099	1
16088	1
16078	1
16069	1
16067	1
16063	1
16059	1
1605	1
16039	1
16032	1
16031	1
1602	1
16013	1
1601	1
16007	1
15999	1
15995	1
15993	1
15990	1
15986	1
15976	1
15974	1
15969	1
15948	1
15946	1
15945	1
1594	1
15927	1
15925	1
15923	1
1592	1
15917	1
15916	1
15914	1
15913	1
15905	1
15897	1
15891	1
15882	1
15874	1
1587	1
15868	1
15864	1
15851	1
15845	1
15844	1
1584	1
15836	1
15835	1
15834	1
15833	1
15827	1
15820	1
15815	1
15802	1
15781	1
15777	1
15773	1
15772	1
15765	1
15764	1
1576	1
15754	1
1574	1
15739	1
15737	1
15736	1
15735	1
15730	1
1573	1
15728	1
15719	1
15715	1
1571	1
1570	1
15697	1
15695	1
15687	1
15677	1
15671	1
15664	1
15636	1
15634	1
15626	1
15623	1
15622	1
15611	1
1561	1
15606	1
15599	1
15589	1
15582	1
15573	1
1557	1
15564	1
15560	1
15551	1
15545	1
1554	1
1552	1
15517	1
15505	1
15500	1
15477	1
15472	1
15466	1
15460	1
15457	1
15440	1
15437	1
15434	1
1543	1
15423	1
15422	1
15420	1
15418	1
15415	1
15411	1
15410	1
15399	1
15394	1
15392	1
15376	1
15374	1
1537	1
15352	1
15350	1
15333	1
15332	1
15320	1
1532	1
15306	1
15305	1
15290	1
15283	1
15277	1
15276	1
15274	1
15271	1
15269	1
15268	1
15267	1
15264	1
15258	1
1525	1
15249	1
1524	1
15235	1
15220	1
1522	1
15219	1
1520	1
15198	1
15197	1
1519	1
15181	1
15175	1
15158	1
15154	1
15147	1
15131	1
1513	1
15120	1
1512	1
15115	1
15087	1
15086	1
15081	1
15071	1
15066	1
15052	1
15050	1
15044	1
15042	1
15039	1
15037	1
15033	1
15032	1
15028	1
15025	1
15022	1
15019	1
14998	1
14977	1
14976	1
14972	1
14963	1
14959	1
1495	1
14947	1
14943	1
14934	1
14931	1
14930	1
14923	1
1492	1
14910	1
14903	1
14895	1
14894	1
14889	1
14886	1
14883	1
14880	1
14868	1
14862	1
1486	1
14857	1
14851	1
14850	1
1485	1
14848	1
14831	1
1483	1
14814	1
14809	1
1480	1
14794	1
14792	1
14787	1
14784	1
14771	1
14765	1
1476	1
14750	1
14747	1
14745	1
14741	1
14740	1
14738	1
14733	1
14723	1
14709	1
14707	1
14702	1
14697	1
1467	1
14664	1
1466	1
14652	1
14646	1
14640	1
14631	1
14630	1
14629	1
14627	1
14620	1
1462	1
14613	1
14611	1
14605	1
14602	1
1460	1
14597	1
1459	1
14582	1
14579	1
1457	1
14563	1
14556	1
14540	1
14537	1
14536	1
14530	1
14526	1
14521	1
14514	1
14511	1
14493	1
14474	1
14472	1
14465	1
14458	1
14455	1
14453	1
14450	1
1445	1
14440	1
1444	1
14431	1
14429	1
14428	1
14420	1
14419	1
1441	1
14409	1
14402	1
14396	1
14393	1
14387	1
14376	1
14374	1
14368	1
14361	1
14359	1
14354	1
14352	1
14351	1
14349	1
14348	1
14344	1
14330	1
14329	1
14312	1
14295	1
14284	1
14280	1
14276	1
14263	1
1426	1
14253	1
1425	1
14247	1
14242	1
14224	1
14223	1
14220	1
14215	1
14213	1
14212	1
14211	1
14203	1
14193	1
14188	1
14180	1
14176	1
14168	1
14167	1
14164	1
14162	1
14155	1
14154	1
14152	1
14149	1
14137	1
14136	1
14124	1
14121	1
1412	1
14112	1
14107	1
14106	1
14100	1
14093	1
14092	1
14088	1
14079	1
14078	1
14077	1
1407	1
14062	1
1406	1
14054	1
14051	1
14044	1
14032	1
14029	1
14023	1
14022	1
14018	1
14012	1
14007	1
14004	1
14000	1
13997	1
13986	1
13983	1
13982	1
13970	1
13958	1
13951	1
1395	1
13948	1
13943	1
1394	1
13936	1
13925	1
13919	1
13914	1
13909	1
13905	1
13904	1
13900	1
13883	1
13871	1
13863	1
13862	1
13857	1
13845	1
13839	1
13830	1
13828	1
13827	1
13824	1
13822	1
13805	1
13803	1
13800	1
13789	1
13784	1
13783	1
13780	1
13773	1
13768	1
13766	1
13760	1
13746	1
13738	1
13718	1
13707	1
13705	1
13700	1
13699	1
13687	1
13682	1
1368	1
13678	1
13665	1
13659	1
13651	1
13648	1
13646	1
13645	1
13632	1
13627	1
13623	1
13619	1
13618	1
13613	1
13604	1
13602	1
13599	1
13596	1
13591	1
13583	1
13581	1
13580	1
13569	1
13563	1
13558	1
13557	1
13553	1
13543	1
1354	1
13538	1
13533	1
13531	1
13530	1
1353	1
13526	1
13525	1
13523	1
13519	1
1351	1
13509	1
13504	1
13502	1
13499	1
13495	1
13494	1
1349	1
13488	1
13482	1
13481	1
13473	1
13472	1
13466	1
13460	1
13431	1
13430	1
13428	1
13420	1
13415	1
13409	1
13402	1
13401	1
13395	1
1339	1
13389	1
13383	1
13382	1
1337	1
13367	1
13364	1
13358	1
13346	1
13337	1
13335	1
13327	1
13320	1
13307	1
13299	1
13298	1
13294	1
13290	1
13289	1
13278	1
13274	1
13261	1
13251	1
13236	1
13234	1
1323	1
13218	1
13216	1
13213	1
1320	1
13198	1
13195	1
13185	1
13176	1
13175	1
13164	1
13156	1
13153	1
13152	1
1314	1
13139	1
13132	1
13122	1
13116	1
13113	1
13108	1
13103	1
13100	1
13097	1
13096	1
13090	1
13048	1
13042	1
13041	1
13036	1
13031	1
13026	1
13024	1
13019	1
13016	1
12990	1
12976	1
12975	1
12966	1
12963	1
12960	1
12955	1
12944	1
12943	1
12933	1
12926	1
12920	1
12916	1
12915	1
12909	1
12907	1
12905	1
12901	1
12896	1
12895	1
12894	1
12882	1
12870	1
12867	1
12863	1
12860	1
12852	1
1285	1
12839	1
12834	1
12822	1
12799	1
12790	1
12789	1
12785	1
12767	1
1276	1
12758	1
12750	1
12740	1
1274	1
12738	1
12737	1
12734	1
12733	1
12718	1
1271	1
12709	1
12704	1
12697	1
12691	1
12688	1
12681	1
12680	1
1268	1
12673	1
12666	1
1266	1
12657	1
12650	1
12649	1
12641	1
12640	1
12636	1
126	1
12582	1
1258	1
12577	1
12563	1
1256	1
12559	1
12547	1
12545	1
12544	1
12535	1
12530	1
12527	1
12522	1
12512	1
12501	1
12493	1
1249	1
12489	1
12472	1
1246	1
12444	1
1243	1
12427	1
12424	1
12415	1
12414	1
12408	1
12407	1
12404	1
12401	1
12393	1
12388	1
12386	1
12370	1
12368	1
12367	1
12365	1
12364	1
12362	1
12360	1
1236	1
12356	1
12345	1
12342	1
12337	1
12332	1
12328	1
12327	1
12322	1
12314	1
12306	1
12295	1
12292	1
12288	1
12287	1
12283	1
1228	1
12271	1
12270	1
12267	1
1226	1
12259	1
12258	1
12256	1
12254	1
12253	1
1225	1
12235	1
12220	1
1222	1
12213	1
12204	1
12198	1
12193	1
12181	1
12163	1
12160	1
12153	1
12143	1
12140	1
12134	1
12131	1
12130	1
12127	1
12123	1
1212	1
12116	1
12111	1
12109	1
12104	1
12097	1
12084	1
12082	1
12081	1
12074	1
12073	1
1207	1
12067	1
12066	1
12059	1
12056	1
12038	1
12029	1
12025	1
12021	1
12019	1
11996	1
11988	1
11986	1
1198	1
11977	1
1197	1
11952	1
11949	1
11940	1
1194	1
11936	1
11933	1
11930	1
11929	1
11924	1
11921	1
11917	1
11908	1
11904	1
11903	1
11902	1
11898	1
11897	1
11890	1
11883	1
11876	1
11874	1
1187	1
11869	1
11866	1
11864	1
1186	1
11858	1
11855	1
11854	1
1184	1
11832	1
11826	1
11822	1
11821	1
11817	1
11814	1
11810	1
1181	1
11807	1
11798	1
11792	1
11788	1
11782	1
11780	1
11775	1
11771	1
11769	1
11766	1
11761	1
11735	1
11734	1
1173	1
11727	1
11722	1
11720	1
11698	1
11694	1
1169	1
11685	1
11682	1
11670	1
1166	1
11658	1
11657	1
1165	1
11647	1
1164	1
11638	1
11636	1
11629	1
11628	1
11622	1
11618	1
11616	1
11610	1
11609	1
11606	1
11602	1
11596	1
11593	1
11592	1
11591	1
11584	1
11567	1
11559	1
11550	1
11545	1
11524	1
11517	1
11510	1
11508	1
11472	1
11469	1
11468	1
11453	1
11449	1
11436	1
11430	1
11415	1
11408	1
11403	1
11401	1
1139	1
11387	1
11383	1
11372	1
11370	1
11368	1
11365	1
11352	1
11348	1
11326	1
11325	1
11318	1
11317	1
11308	1
11304	1
11298	1
11296	1
11295	1
11292	1
11290	1
11289	1
11283	1
1128	1
11265	1
11260	1
11257	1
11256	1
11249	1
11248	1
11245	1
11237	1
11235	1
11231	1
11219	1
11212	1
11196	1
1119	1
11188	1
11182	1
11178	1
11174	1
11170	1
11161	1
11156	1
11140	1
11139	1
11138	1
11133	1
11130	1
1113	1
11116	1
11112	1
11100	1
11095	1
11094	1
1109	1
11083	1
11082	1
11075	1
11067	1
11062	1
11061	1
11058	1
11056	1
11051	1
11044	1
11042	1
11035	1
10995	1
1099	1
10976	1
10972	1
10944	1
10942	1
10936	1
10926	1
10921	1
1092	1
10916	1
10892	1
10890	1
10889	1
10888	1
10883	1
10877	1
1087	1
10856	1
10853	1
10852	1
10843	1
10841	1
10836	1
10830	1
10825	1
10816	1
10815	1
10812	1
10810	1
10807	1
10806	1
1080	1
10794	1
10791	1
10789	1
10787	1
10786	1
10780	1
1078	1
10775	1
10765	1
10761	1
10759	1
10757	1
10753	1
10748	1
10745	1
10741	1
10738	1
10736	1
10731	1
10725	1
10718	1
10717	1
10716	1
10710	1
10700	1
10695	1
10686	1
10681	1
10680	1
1067	1
10664	1
10659	1
10645	1
10626	1
10624	1
10612	1
1061	1
10608	1
10592	1
10585	1
10584	1
10581	1
10579	1
10578	1
10574	1
10570	1
10568	1
10566	1
10557	1
10554	1
10549	1
10548	1
10546	1
10531	1
10525	1
10519	1
10515	1
10514	1
10487	1
10484	1
10483	1
1048	1
10479	1
10476	1
10459	1
10457	1
10456	1
10452	1
10430	1
10429	1
10427	1
10421	1
1042	1
10412	1
10395	1
10394	1
10392	1
1039	1
10386	1
10384	1
10379	1
10377	1
1037	1
10364	1
10361	1
10357	1
10354	1
10343	1
10339	1
10338	1
10332	1
10327	1
10319	1
10312	1
10308	1
10306	1
1030	1
10291	1
10277	1
10275	1
10272	1
10266	1
10250	1
10249	1
10245	1
10242	1
1023	1
1021	1
10202	1
1020	1
10198	1
10190	1
1019	1
10189	1
10183	1
10176	1
10175	1
10167	1
10164	1
10162	1
10161	1
10155	1
10153	1
1015	1
10148	1
10142	1
10140	1
1014	1
10134	1
10131	1
10130	1
10125	1
10121	1
10111	1
10108	1
10097	1
10092	1
10087	1
10069	1
10059	1
10058	1
10036	1
10028	1
10021	1
10010	1
10009	1
